span_index,ss_x,ss_r,ss_th,ps_x,ps_r,ps_th
0, 0.02463067, 0.01311070, -0.68470814, 0.02463067, 0.01311070, -0.68470814
0, 0.02464105, 0.01311503, -0.70442059, 0.02468161, 0.01313195, -0.66550392
0, 0.02471278, 0.01314498, -0.72143486, 0.02478844, 0.01317668, -0.64996389
0, 0.02484085, 0.01319870, -0.73597220, 0.02494612, 0.01324311, -0.63779115
0, 0.02501989, 0.01327437, -0.74825387, 0.02515035, 0.01332993, -0.62868881
0, 0.02524562, 0.01337072, -0.75850112, 0.02539696, 0.01343590, -0.62235997
0, 0.02551289, 0.01348614, -0.76693520, 0.02568175, 0.01355981, -0.61850774
0, 0.02581698, 0.01361922, -0.77377738, 0.02600022, 0.01370033, -0.61683521
0, 0.02615325, 0.01376862, -0.77924891, 0.02634789, 0.01385619, -0.61704551
0, 0.02651703, 0.01393291, -0.78357103, 0.02672080, 0.01402612, -0.61884172
0, 0.02690285, 0.01411016, -0.78696500, 0.02711380, 0.01420843, -0.62192695
0, 0.02730554, 0.01429857, -0.78965208, 0.02752269, 0.01440159, -0.62600431
0, 0.02772026, 0.01449621, -0.79185352, 0.02794178, 0.01460333, -0.63077689
0, 0.02814123, 0.01470068, -0.79379057, 0.02836714, 0.01481199, -0.63594781
0, 0.02856258, 0.01490920, -0.79568450, 0.02879246, 0.01502463, -0.64122017
0, 0.02897874, 0.01511905, -0.79773245, 0.02921334, 0.01523905, -0.64633069
0, 0.02938868, 0.01532954, -0.79998289, 0.02962830, 0.01545435, -0.65122366
0, 0.02979347, 0.01554115, -0.80242763, 0.03003849, 0.01567108, -0.65592242
0, 0.03019314, 0.01575378, -0.80505836, 0.03044450, 0.01588941, -0.66045050
0, 0.03058889, 0.01596801, -0.80786677, 0.03084631, 0.01610933, -0.66483141
0, 0.03098057, 0.01618365, -0.81084454, 0.03124515, 0.01633139, -0.66908867
0, 0.03136993, 0.01640166, -0.81398336, 0.03164158, 0.01655594, -0.67324580
0, 0.03175701, 0.01662203, -0.81727494, 0.03203636, 0.01678334, -0.67732630
0, 0.03214284, 0.01684534, -0.82071095, 0.03243025, 0.01701409, -0.68135370
0, 0.03252800, 0.01707195, -0.82428308, 0.03282405, 0.01724866, -0.68535151
0, 0.03291380, 0.01730267, -0.82798303, 0.03321852, 0.01748761, -0.68934324
0, 0.03330064, 0.01753785, -0.83180248, 0.03361430, 0.01773136, -0.69335242
0, 0.03368962, 0.01777821, -0.83573313, 0.03401271, 0.01798089, -0.69740256
0, 0.03408166, 0.01802450, -0.83976667, 0.03441447, 0.01823678, -0.70151718
0, 0.03447755, 0.01827734, -0.84389533, 0.03482006, 0.01849954, -0.70571842
0, 0.03487791, 0.01853737, -0.84811684, 0.03523078, 0.01877020, -0.71001493
0, 0.03528209, 0.01880434, -0.85243198, 0.03564542, 0.01904823, -0.71440772
0, 0.03569080, 0.01907895, -0.85684161, 0.03606501, 0.01933453, -0.71889770
0, 0.03610350, 0.01936105, -0.86134657, 0.03648886, 0.01962891, -0.72348578
0, 0.03652074, 0.01965127, -0.86594769, 0.03691714, 0.01993172, -0.72817289
0, 0.03694201, 0.01994947, -0.87064582, 0.03735000, 0.02024336, -0.73295993
0, 0.03736743, 0.02025603, -0.87544179, 0.03778718, 0.02056391, -0.73784782
0, 0.03779686, 0.02057107, -0.88033646, 0.03822881, 0.02089378, -0.74283747
0, 0.03823040, 0.02089498, -0.88533066, 0.03867494, 0.02123332, -0.74792979
0, 0.03866802, 0.02122800, -0.89042523, 0.03912529, 0.02158263, -0.75312571
0, 0.03910986, 0.02157055, -0.89562102, 0.03957997, 0.02194216, -0.75842613
0, 0.03955550, 0.02192263, -0.90091886, 0.04003869, 0.02231200, -0.76383197
0, 0.04000481, 0.02228444, -0.90631959, 0.04050172, 0.02269279, -0.76934414
0, 0.04045806, 0.02265656, -0.91182404, 0.04096864, 0.02308453, -0.77496353
0, 0.04091518, 0.02303928, -0.91743249, 0.04143975, 0.02348792, -0.78069053
0, 0.04137553, 0.02343245, -0.92314483, 0.04191448, 0.02390289, -0.78652512
0, 0.04183945, 0.02383673, -0.92896093, 0.04239293, 0.02432995, -0.79246728
0, 0.04230680, 0.02425241, -0.93488065, 0.04287497, 0.02476949, -0.79851697
0, 0.04277733, 0.02467970, -0.94090387, 0.04336044, 0.02522184, -0.80467418
0, 0.04325062, 0.02511865, -0.94703045, 0.04384886, 0.02568706, -0.81093886
0, 0.04372675, 0.02556978, -0.95326025, 0.04434049, 0.02616593, -0.81731099
0, 0.04420568, 0.02603355, -0.95959315, 0.04483461, 0.02665833, -0.82379055
0, 0.04468690, 0.02650994, -0.96602901, 0.04533155, 0.02716514, -0.83037751
0, 0.04517025, 0.02699934, -0.97256771, 0.04583049, 0.02768616, -0.83707183
0, 0.04565540, 0.02750191, -0.97920910, 0.04633171, 0.02822233, -0.84387348
0, 0.04614240, 0.02801828, -0.98595305, 0.04683443, 0.02877347, -0.85078245
0, 0.04663072, 0.02854848, -0.99279944, 0.04733862, 0.02934025, -0.85779870
0, 0.04712007, 0.02909281, -0.99974803, 0.04784386, 0.02992294, -0.86492227
0, 0.04761031, 0.02965171, -1.00679513, 0.04834966, 0.03052172, -0.87215536
0, 0.04810100, 0.03022537, -1.01393292, 0.04885576, 0.03113712, -0.87950278
0, 0.04859187, 0.03081416, -1.02115332, 0.04936170, 0.03176938, -0.88696952
0, 0.04908255, 0.03141836, -1.02844825, 0.04986670, 0.03241838, -0.89456052
0, 0.04957262, 0.03203820, -1.03580964, 0.05037033, 0.03308446, -0.90228078
0, 0.05006199, 0.03267439, -1.04322941, 0.05087218, 0.03376802, -0.91013524
0, 0.05054974, 0.03332651, -1.05069949, 0.05137139, 0.03446880, -0.91812890
0, 0.05103602, 0.03399566, -1.05821179, 0.05186756, 0.03518721, -0.92626670
0, 0.05151987, 0.03468143, -1.06575825, 0.05235987, 0.03592308, -0.93455363
0, 0.05200109, 0.03538446, -1.07333078, 0.05284793, 0.03667686, -0.94299465
0, 0.05247914, 0.03610497, -1.08092131, 0.05333061, 0.03744785, -0.95159474
0, 0.05295351, 0.03684325, -1.08852176, 0.05380756, 0.03823656, -0.96035885
0, 0.05342353, 0.03759933, -1.09612406, 0.05427790, 0.03904268, -0.96929197
0, 0.05388863, 0.03837344, -1.10372028, 0.05474083, 0.03986591, -0.97839907
0, 0.05434861, 0.03916644, -1.11131624, 0.05519613, 0.04070709, -0.98768583
0, 0.05480341, 0.03997961, -1.11894195, 0.05564374, 0.04156741, -0.99715919
0, 0.05525307, 0.04081461, -1.12662988, 0.05608407, 0.04244932, -1.00682619
0, 0.05569747, 0.04167306, -1.13441249, 0.05651701, 0.04335452, -1.01669389
0, 0.05613654, 0.04255691, -1.14232226, 0.05694259, 0.04428542, -1.02676935
0, 0.05657006, 0.04346822, -1.15039165, 0.05736087, 0.04524492, -1.03705963
0, 0.05699785, 0.04440952, -1.15865314, 0.05777141, 0.04623539, -1.04757177
0, 0.05741918, 0.04538250, -1.16713919, 0.05817398, 0.04726026, -1.05831283
0, 0.05783371, 0.04639031, -1.17588227, 0.05856769, 0.04832207, -1.06928987
0, 0.05824060, 0.04743557, -1.18491485, 0.05895207, 0.04942522, -1.08050995
0, 0.05863890, 0.04852118, -1.19426941, 0.05932581, 0.05057284, -1.09198011
0, 0.05902752, 0.04965045, -1.20397841, 0.05968756, 0.05176921, -1.10370741
0, 0.05940492, 0.05082662, -1.21407431, 0.06003551, 0.05301873, -1.11569892
0, 0.05976924, 0.05205309, -1.22458946, 0.06036756, 0.05432600, -1.12796164
0, 0.06011777, 0.05333086, -1.23548353, 0.06067968, 0.05569042, -1.14048333
0, 0.06044490, 0.05465025, -1.24652563, 0.06096534, 0.05709717, -1.15320122
0, 0.06074547, 0.05599900, -1.25745397, 0.06121808, 0.05852469, -1.16604432
0, 0.06101527, 0.05736316, -1.26800675, 0.06143391, 0.05995109, -1.17894168
0, 0.06125099, 0.05872743, -1.27792219, 0.06161010, 0.06135043, -1.19182232
0, 0.06145090, 0.06007470, -1.28693849, 0.06174683, 0.06269509, -1.20461526
0, 0.06161416, 0.06138631, -1.29479388, 0.06184601, 0.06395585, -1.21724955
0, 0.06174201, 0.06264186, -1.30122656, 0.06191176, 0.06510159, -1.22965421
0, 0.06183673, 0.06382043, -1.30597474, 0.06195044, 0.06609998, -1.24175827
0, 0.06190202, 0.06490019, -1.30877664, 0.06196918, 0.06691898, -1.25349076
0, 0.06194293, 0.06585860, -1.30937046, 0.06197544, 0.06752629, -1.26478070
0, 0.06196537, 0.06667302, -1.30749442, 0.06197644, 0.06781638, -1.27555714
0, 0.06197376, 0.06732109, -1.30288673, 0.06197644, 0.06781638, -1.28574909
0, 0.06197643, 0.06778131, -1.29528559, 0.06197643, 0.06778131, -1.29528559
1, 0.02590002, 0.01598527, -0.68545437, 0.02590002, 0.01598527, -0.68545437
1, 0.02589988, 0.01598450, -0.70330775, 0.02596320, 0.01601436, -0.66816581
1, 0.02596454, 0.01601295, -0.71883307, 0.02608165, 0.01606836, -0.65427716
1, 0.02608850, 0.01606835, -0.73221988, 0.02625042, 0.01614545, -0.64351227
1, 0.02626601, 0.01614854, -0.74365772, 0.02646521, 0.01624423, -0.63559496
1, 0.02649230, 0.01625191, -0.75333611, 0.02672156, 0.01636325, -0.63024907
1, 0.02676185, 0.01637659, -0.76144460, 0.02701516, 0.01650115, -0.62719842
1, 0.02706954, 0.01652090, -0.76817273, 0.02734139, 0.01665645, -0.62616685
1, 0.02741018, 0.01668311, -0.77371003, 0.02769585, 0.01682776, -0.62687819
1, 0.02777862, 0.01686145, -0.77824604, 0.02807416, 0.01701355, -0.62905628
1, 0.02816916, 0.01705376, -0.78197030, 0.02847127, 0.01721194, -0.63242493
1, 0.02857601, 0.01725776, -0.78507235, 0.02888281, 0.01742122, -0.63670799
1, 0.02899414, 0.01747128, -0.78774172, 0.02930323, 0.01763896, -0.64162928
1, 0.02941721, 0.01769138, -0.79016796, 0.02972823, 0.01786314, -0.64691264
1, 0.02983931, 0.01791505, -0.79254059, 0.03015185, 0.01809073, -0.65228190
1, 0.03025457, 0.01813916, -0.79502906, 0.03056956, 0.01831927, -0.65749278
1, 0.03066218, 0.01836305, -0.79767883, 0.03098046, 0.01854811, -0.66249779
1, 0.03106347, 0.01858736, -0.80048802, 0.03138593, 0.01877798, -0.66732433
1, 0.03145900, 0.01881229, -0.80345307, 0.03178650, 0.01900901, -0.67199723
1, 0.03184974, 0.01903828, -0.80656885, 0.03218264, 0.01924149, -0.67653866
1, 0.03223597, 0.01926544, -0.80983013, 0.03257526, 0.01947582, -0.68097063
1, 0.03261899, 0.01949442, -0.81323172, 0.03296514, 0.01971248, -0.68531518
1, 0.03299917, 0.01972546, -0.81676839, 0.03335298, 0.01995185, -0.68959434
1, 0.03337747, 0.01995909, -0.82043495, 0.03373939, 0.02019433, -0.69383015
1, 0.03375469, 0.02019586, -0.82422617, 0.03412535, 0.02044054, -0.69804462
1, 0.03413164, 0.02043626, -0.82813684, 0.03451151, 0.02069100, -0.70225979
1, 0.03450926, 0.02068101, -0.83216176, 0.03489866, 0.02094629, -0.70649770
1, 0.03488847, 0.02093076, -0.83629572, 0.03528784, 0.02120721, -0.71078037
1, 0.03527003, 0.02118617, -0.84053349, 0.03567983, 0.02147443, -0.71512983
1, 0.03565500, 0.02144811, -0.84487017, 0.03607529, 0.02174863, -0.71956682
1, 0.03604368, 0.02171696, -0.84930359, 0.03647507, 0.02203055, -0.72409922
1, 0.03643553, 0.02199254, -0.85383320, 0.03687826, 0.02231984, -0.72872767
1, 0.03683121, 0.02227555, -0.85845844, 0.03728548, 0.02261710, -0.73345272
1, 0.03723002, 0.02256565, -0.86317878, 0.03769618, 0.02292222, -0.73827490
1, 0.03763248, 0.02286346, -0.86799388, 0.03811037, 0.02323540, -0.74319480
1, 0.03803798, 0.02316875, -0.87290426, 0.03852818, 0.02355704, -0.74821318
1, 0.03844679, 0.02348197, -0.87791068, 0.03894940, 0.02388722, -0.75333083
1, 0.03885866, 0.02380316, -0.88301387, 0.03937396, 0.02422618, -0.75854854
1, 0.03927372, 0.02413269, -0.88821457, 0.03980200, 0.02457431, -0.76386711
1, 0.03969185, 0.02447070, -0.89351354, 0.04023315, 0.02493160, -0.76928734
1, 0.04011314, 0.02481757, -0.89891151, 0.04066756, 0.02529854, -0.77481002
1, 0.04053721, 0.02517326, -0.90440922, 0.04110491, 0.02567515, -0.78043595
1, 0.04096393, 0.02553796, -0.91000743, 0.04154537, 0.02606193, -0.78616592
1, 0.04139357, 0.02591223, -0.91570682, 0.04198866, 0.02645902, -0.79200068
1, 0.04182594, 0.02629619, -0.92150738, 0.04243478, 0.02686675, -0.79794026
1, 0.04226050, 0.02668975, -0.92740849, 0.04288340, 0.02728526, -0.80398403
1, 0.04269753, 0.02709347, -0.93340950, 0.04333447, 0.02771488, -0.81013139
1, 0.04313687, 0.02750757, -0.93950977, 0.04378794, 0.02815601, -0.81638172
1, 0.04357817, 0.02793212, -0.94570866, 0.04424345, 0.02860872, -0.82273438
1, 0.04402121, 0.02836728, -0.95200553, 0.04470070, 0.02907320, -0.82918877
1, 0.04446596, 0.02881345, -0.95839974, 0.04515980, 0.02955002, -0.83574427
1, 0.04491225, 0.02927084, -0.96489078, 0.04562019, 0.03003913, -0.84240040
1, 0.04535981, 0.02973965, -0.97147827, 0.04608196, 0.03054112, -0.84915682
1, 0.04580831, 0.03021999, -0.97816182, 0.04654445, 0.03105581, -0.85601320
1, 0.04625745, 0.03071197, -0.98494104, 0.04700781, 0.03158397, -0.86296922
1, 0.04670736, 0.03121626, -0.99181557, 0.04747147, 0.03212553, -0.87002453
1, 0.04715745, 0.03173269, -0.99878501, 0.04793524, 0.03268089, -0.87717880
1, 0.04760749, 0.03226154, -1.00584890, 0.04839875, 0.03325025, -0.88443174
1, 0.04805730, 0.03280312, -1.01300395, 0.04886155, 0.03383373, -0.89178406
1, 0.04850650, 0.03335757, -1.02024349, 0.04932339, 0.03443170, -0.89923767
1, 0.04895482, 0.03392514, -1.02756062, 0.04978383, 0.03504432, -0.90679458
1, 0.04940185, 0.03450592, -1.03494848, 0.05024227, 0.03567157, -0.91445680
1, 0.04984735, 0.03510024, -1.04240017, 0.05069820, 0.03631347, -0.92222631
1, 0.05029111, 0.03570851, -1.04990881, 0.05115131, 0.03697042, -0.93010513
1, 0.05073225, 0.03633018, -1.05746752, 0.05160088, 0.03764219, -0.93809524
1, 0.05117101, 0.03696633, -1.06506942, 0.05204651, 0.03832900, -0.94619866
1, 0.05160654, 0.03761649, -1.07270763, 0.05248752, 0.03903068, -0.95441738
1, 0.05203857, 0.03828104, -1.08037515, 0.05292349, 0.03974743, -0.96275334
1, 0.05246659, 0.03896000, -1.08806456, 0.05335351, 0.04047866, -0.97120824
1, 0.05289016, 0.03965348, -1.09576833, 0.05377731, 0.04122481, -0.97978372
1, 0.05330873, 0.04036147, -1.10347894, 0.05419403, 0.04198524, -0.98848142
1, 0.05372177, 0.04108398, -1.11118898, 0.05460307, 0.04275985, -0.99730301
1, 0.05412902, 0.04182149, -1.11890238, 0.05500419, 0.04354909, -1.00625224
1, 0.05453061, 0.04257534, -1.12664297, 0.05539737, 0.04435407, -1.01533658
1, 0.05492663, 0.04334697, -1.13443664, 0.05578297, 0.04517685, -1.02456384
1, 0.05531710, 0.04413793, -1.14230926, 0.05616095, 0.04601901, -1.03394187
1, 0.05570196, 0.04494990, -1.15028672, 0.05653131, 0.04688250, -1.04347849
1, 0.05608108, 0.04578465, -1.15839488, 0.05689413, 0.04776986, -1.05318154
1, 0.05645445, 0.04664458, -1.16665963, 0.05724900, 0.04868294, -1.06305883
1, 0.05682150, 0.04753125, -1.17510685, 0.05759574, 0.04962467, -1.07311822
1, 0.05718198, 0.04844735, -1.18376241, 0.05793366, 0.05059735, -1.08336752
1, 0.05753528, 0.04939533, -1.19265220, 0.05826230, 0.05160444, -1.09381456
1, 0.05788057, 0.05037749, -1.20180208, 0.05858060, 0.05264866, -1.10446719
1, 0.05821704, 0.05139701, -1.21123817, 0.05888744, 0.05373355, -1.11533322
1, 0.05854348, 0.05245683, -1.22099215, 0.05918135, 0.05486297, -1.12642050
1, 0.05885848, 0.05356045, -1.23110106, 0.05946066, 0.05604138, -1.13773682
1, 0.05915973, 0.05470862, -1.24153123, 0.05972205, 0.05726816, -1.14927464
1, 0.05944253, 0.05589296, -1.25206268, 0.05996003, 0.05852935, -1.16098614
1, 0.05970254, 0.05710277, -1.26244527, 0.06016932, 0.05980505, -1.17281696
1, 0.05993613, 0.05832568, -1.27242885, 0.06034677, 0.06107502, -1.18471274
1, 0.06014057, 0.05954842, -1.28176326, 0.06049043, 0.06231597, -1.19661913
1, 0.06031435, 0.06075628, -1.29019835, 0.06060075, 0.06350324, -1.20848178
1, 0.06045681, 0.06193336, -1.29748397, 0.06067972, 0.06461045, -1.22024632
1, 0.06056890, 0.06306231, -1.30336998, 0.06073125, 0.06561255, -1.23185842
1, 0.06065252, 0.06412529, -1.30760622, 0.06076039, 0.06649548, -1.24326370
1, 0.06071073, 0.06510377, -1.30994253, 0.06077404, 0.06719762, -1.25440783
1, 0.06074769, 0.06597859, -1.31012878, 0.06077837, 0.06761750, -1.26523643
1, 0.06076848, 0.06673072, -1.30791481, 0.06077907, 0.06781805, -1.27569516
1, 0.06077643, 0.06734096, -1.30305046, 0.06077907, 0.06781805, -1.28572967
1, 0.06077905, 0.06779097, -1.29528559, 0.06077905, 0.06779097, -1.29528559
2, 0.02695805, 0.01875582, -0.68612210, 0.02695805, 0.01875582, -0.68612210
2, 0.02694879, 0.01875063, -0.70217886, 0.02703130, 0.01879137, -0.67067706
2, 0.02700669, 0.01877739, -0.71626654, 0.02715908, 0.01885294, -0.65836105
2, 0.02712585, 0.01883349, -0.72854407, 0.02733651, 0.01893863, -0.64891995
2, 0.02730033, 0.01891656, -0.73917038, 0.02755929, 0.01904698, -0.64209962
2, 0.02752497, 0.01902470, -0.74830441, 0.02782282, 0.01917642, -0.63764592
2, 0.02779405, 0.01915587, -0.75610509, 0.02812272, 0.01932545, -0.63530472
2, 0.02810215, 0.01930814, -0.76273135, 0.02845429, 0.01949249, -0.63482188
2, 0.02844370, 0.01947953, -0.76834213, 0.02881321, 0.01967608, -0.63594327
2, 0.02881322, 0.01966802, -0.77309637, 0.02919483, 0.01987445, -0.63841475
2, 0.02920488, 0.01987127, -0.77715298, 0.02959419, 0.02008565, -0.64198219
2, 0.02961247, 0.02008664, -0.78067092, 0.03000684, 0.02030778, -0.64639145
2, 0.03003087, 0.02031181, -0.78380911, 0.03042740, 0.02053835, -0.65138840
2, 0.03045334, 0.02054346, -0.78672648, 0.03085130, 0.02077505, -0.65671889
2, 0.03087400, 0.02077842, -0.78958197, 0.03127289, 0.02101483, -0.66212880
2, 0.03128683, 0.02101325, -0.79251809, 0.03168761, 0.02125501, -0.66739363
2, 0.03169108, 0.02124730, -0.79557601, 0.03209490, 0.02149514, -0.67247188
2, 0.03208818, 0.02148126, -0.79875817, 0.03249621, 0.02173594, -0.67739159
2, 0.03247900, 0.02171550, -0.80206468, 0.03289195, 0.02197753, -0.68217710
2, 0.03286434, 0.02195037, -0.80549338, 0.03328298, 0.02222041, -0.68684887
2, 0.03324478, 0.02218617, -0.80904201, 0.03366995, 0.02246484, -0.69142724
2, 0.03362127, 0.02242335, -0.81270829, 0.03405380, 0.02271142, -0.69593250
2, 0.03399445, 0.02266230, -0.81648998, 0.03443517, 0.02296051, -0.70038497
2, 0.03436519, 0.02290353, -0.82038480, 0.03481458, 0.02321245, -0.70480496
2, 0.03473445, 0.02314770, -0.82439049, 0.03519310, 0.02346798, -0.70921279
2, 0.03510266, 0.02339506, -0.82850481, 0.03557131, 0.02372755, -0.71362876
2, 0.03547113, 0.02364662, -0.83272547, 0.03595012, 0.02399187, -0.71807320
2, 0.03584065, 0.02390295, -0.83705022, 0.03633032, 0.02426160, -0.72256641
2, 0.03621184, 0.02416462, -0.84147680, 0.03671275, 0.02453747, -0.72712870
2, 0.03658596, 0.02443268, -0.84600301, 0.03709818, 0.02482027, -0.73177918
2, 0.03696304, 0.02470732, -0.85062727, 0.03748712, 0.02511052, -0.73652498
2, 0.03734269, 0.02498844, -0.85534836, 0.03787894, 0.02540803, -0.74136648
2, 0.03772549, 0.02527670, -0.86016507, 0.03827391, 0.02571317, -0.74630396
2, 0.03811065, 0.02557165, -0.86507617, 0.03867164, 0.02602589, -0.75133772
2, 0.03849866, 0.02587390, -0.87008076, 0.03907202, 0.02634632, -0.75646810
2, 0.03888887, 0.02618313, -0.87517914, 0.03947516, 0.02667480, -0.76169569
2, 0.03928164, 0.02649987, -0.88037196, 0.03988090, 0.02701147, -0.76702114
2, 0.03967665, 0.02682408, -0.88565983, 0.04028901, 0.02735638, -0.77244511
2, 0.04007403, 0.02715610, -0.89104338, 0.04069968, 0.02770999, -0.77796823
2, 0.04047360, 0.02749601, -0.89652324, 0.04111248, 0.02807217, -0.78359116
2, 0.04087540, 0.02784413, -0.90210003, 0.04152760, 0.02844343, -0.78931455
2, 0.04127910, 0.02820040, -0.90777437, 0.04194468, 0.02882374, -0.79513904
2, 0.04168455, 0.02856500, -0.91354689, 0.04236380, 0.02921349, -0.80106529
2, 0.04209204, 0.02893844, -0.91941817, 0.04278482, 0.02961291, -0.80709390
2, 0.04250126, 0.02932074, -0.92538790, 0.04320749, 0.03002205, -0.81322453
2, 0.04291178, 0.02971182, -0.93145507, 0.04363166, 0.03044120, -0.81945613
2, 0.04332382, 0.03011219, -0.93761865, 0.04405717, 0.03087054, -0.82578760
2, 0.04373718, 0.03052197, -0.94387758, 0.04448402, 0.03131047, -0.83221784
2, 0.04415148, 0.03094115, -0.95023083, 0.04491170, 0.03176085, -0.83874575
2, 0.04456663, 0.03136997, -0.95667736, 0.04534007, 0.03222199, -0.84537025
2, 0.04498251, 0.03180868, -0.96321614, 0.04576910, 0.03269425, -0.85209023
2, 0.04539887, 0.03225736, -0.96984631, 0.04619837, 0.03317766, -0.85890482
2, 0.04581560, 0.03271633, -0.97656719, 0.04662778, 0.03367253, -0.86581332
2, 0.04623228, 0.03318549, -0.98337811, 0.04705678, 0.03417875, -0.87281505
2, 0.04664860, 0.03366491, -0.99027841, 0.04748545, 0.03469691, -0.87990931
2, 0.04706478, 0.03415527, -0.99726741, 0.04791334, 0.03522701, -0.88709544
2, 0.04748017, 0.03465625, -1.00434445, 0.04834021, 0.03576925, -0.89437275
2, 0.04789458, 0.03516811, -1.01150878, 0.04876565, 0.03632374, -0.90174055
2, 0.04830784, 0.03569104, -1.01875742, 0.04918932, 0.03689058, -0.90919824
2, 0.04871959, 0.03622514, -1.02608466, 0.04961093, 0.03747001, -0.91674534
2, 0.04912956, 0.03677055, -1.03348463, 0.05003008, 0.03806207, -0.92438135
2, 0.04953733, 0.03732721, -1.04095147, 0.05044633, 0.03866685, -0.93210578
2, 0.04994280, 0.03789554, -1.04847931, 0.05085909, 0.03928412, -0.93991814
2, 0.05034567, 0.03847569, -1.05606227, 0.05126814, 0.03991426, -0.94781795
2, 0.05074510, 0.03906701, -1.06369451, 0.05167290, 0.04055705, -0.95580471
2, 0.05114140, 0.03967054, -1.07137013, 0.05207296, 0.04121255, -0.96387793
2, 0.05153380, 0.04028577, -1.07908329, 0.05246777, 0.04188062, -0.97203712
2, 0.05192202, 0.04091287, -1.08682795, 0.05285689, 0.04256122, -0.98028171
2, 0.05230558, 0.04155172, -1.09459749, 0.05323960, 0.04325390, -0.98861079
2, 0.05268408, 0.04220231, -1.10238510, 0.05361571, 0.04395902, -0.99702333
2, 0.05305711, 0.04286461, -1.11018401, 0.05398438, 0.04467573, -1.00551835
2, 0.05342418, 0.04353845, -1.11798752, 0.05434521, 0.04540406, -1.01409487
2, 0.05378501, 0.04422406, -1.12579806, 0.05469793, 0.04614420, -1.02275505
2, 0.05413987, 0.04492281, -1.13363414, 0.05504256, 0.04689715, -1.03150652
2, 0.05448887, 0.04563592, -1.14151589, 0.05537940, 0.04766461, -1.04035751
2, 0.05483215, 0.04636488, -1.14946345, 0.05570847, 0.04844806, -1.04931622
2, 0.05516967, 0.04711113, -1.15749695, 0.05602974, 0.04924904, -1.05839085
2, 0.05550137, 0.04787620, -1.16563653, 0.05634330, 0.05006976, -1.06758961
2, 0.05582733, 0.04866234, -1.17390233, 0.05664876, 0.05091161, -1.07692071
2, 0.05614717, 0.04947100, -1.18231447, 0.05694599, 0.05177705, -1.08639237
2, 0.05646067, 0.05030445, -1.19089310, 0.05723447, 0.05266818, -1.09601278
2, 0.05676742, 0.05116498, -1.19965835, 0.05751372, 0.05358762, -1.10579015
2, 0.05706668, 0.05205439, -1.20863036, 0.05778294, 0.05453773, -1.11573269
2, 0.05735789, 0.05297569, -1.21782960, 0.05804117, 0.05552135, -1.12584861
2, 0.05764007, 0.05393149, -1.22728447, 0.05828724, 0.05654175, -1.13614613
2, 0.05791219, 0.05492518, -1.23703116, 0.05851983, 0.05760297, -1.14663342
2, 0.05817225, 0.05595720, -1.24703844, 0.05873623, 0.05870420, -1.15730680
2, 0.05841636, 0.05702030, -1.25709735, 0.05893191, 0.05983229, -1.16813140
2, 0.05864089, 0.05810521, -1.26697013, 0.05910268, 0.06096902, -1.17906726
2, 0.05884280, 0.05920102, -1.27641902, 0.05924613, 0.06209574, -1.19007448
2, 0.05901981, 0.06029628, -1.28520626, 0.05936103, 0.06319167, -1.20111311
2, 0.05917065, 0.06137842, -1.29309406, 0.05944805, 0.06423487, -1.21214322
2, 0.05929481, 0.06243406, -1.29984469, 0.05950924, 0.06520170, -1.22312488
2, 0.05939302, 0.06344852, -1.30522036, 0.05954832, 0.06607160, -1.23401815
2, 0.05946685, 0.06440673, -1.30898331, 0.05956923, 0.06684021, -1.24478311
2, 0.05951878, 0.06529311, -1.31089578, 0.05957855, 0.06743195, -1.25537983
2, 0.05955225, 0.06609155, -1.31072001, 0.05958125, 0.06769437, -1.26576837
2, 0.05957155, 0.06678617, -1.30821823, 0.05958169, 0.06781972, -1.27590880
2, 0.05957911, 0.06736067, -1.30315268, 0.05958169, 0.06781972, -1.28576118
2, 0.05958168, 0.06779952, -1.29528559, 0.05958168, 0.06779952, -1.29528559
3, 0.02780474, 0.02142233, -0.68671134, 0.02780474, 0.02142233, -0.68671134
3, 0.02778780, 0.02141342, -0.70103393, 0.02788592, 0.02146301, -0.67303767
3, 0.02783923, 0.02143829, -0.71373525, 0.02802072, 0.02153040, -0.66221555
3, 0.02795292, 0.02149414, -0.72494474, 0.02820437, 0.02162264, -0.65401419
3, 0.02812285, 0.02157844, -0.73479185, 0.02843260, 0.02173819, -0.64820278
3, 0.02834365, 0.02168910, -0.74340601, 0.02870076, 0.02187541, -0.64455052
3, 0.02860949, 0.02182396, -0.75091666, 0.02900442, 0.02203272, -0.64282663
3, 0.02891480, 0.02198096, -0.75745325, 0.02933890, 0.02220846, -0.64280031
3, 0.02925381, 0.02215790, -0.76314521, 0.02969996, 0.02240114, -0.64424075
3, 0.02962082, 0.02235262, -0.76812200, 0.03008280, 0.02260883, -0.64691715
3, 0.03001002, 0.02256268, -0.77251304, 0.03048257, 0.02282954, -0.65059874
3, 0.03041492, 0.02278522, -0.77644779, 0.03089480, 0.02306127, -0.65505470
3, 0.03083044, 0.02301782, -0.78005568, 0.03131431, 0.02330149, -0.66005423
3, 0.03124961, 0.02325692, -0.78346615, 0.03173635, 0.02354772, -0.66536655
3, 0.03166666, 0.02349929, -0.78680865, 0.03215560, 0.02379692, -0.67076086
3, 0.03207553, 0.02374132, -0.79019953, 0.03256749, 0.02404629, -0.67603326
3, 0.03247541, 0.02398230, -0.79367442, 0.03297163, 0.02429542, -0.68114594
3, 0.03286761, 0.02422285, -0.79723809, 0.03336932, 0.02454498, -0.68612423
3, 0.03325314, 0.02446341, -0.80089320, 0.03376085, 0.02479498, -0.69099010
3, 0.03363267, 0.02470428, -0.80464038, 0.03414732, 0.02504608, -0.69576207
3, 0.03400699, 0.02494585, -0.80848016, 0.03452922, 0.02529845, -0.70045850
3, 0.03437678, 0.02518844, -0.81241308, 0.03490755, 0.02555275, -0.70509774
3, 0.03474285, 0.02543255, -0.81643968, 0.03528293, 0.02580932, -0.70969817
3, 0.03510600, 0.02567865, -0.82056050, 0.03565581, 0.02606846, -0.71427814
3, 0.03546728, 0.02592748, -0.82477607, 0.03602729, 0.02633096, -0.71885601
3, 0.03582684, 0.02617909, -0.82908692, 0.03639792, 0.02659724, -0.72345015
3, 0.03618624, 0.02643467, -0.83349360, 0.03676868, 0.02686811, -0.72807892
3, 0.03654616, 0.02669477, -0.83799665, 0.03714016, 0.02714407, -0.73276068
3, 0.03690709, 0.02695983, -0.84259659, 0.03751322, 0.02742590, -0.73751378
3, 0.03727043, 0.02723106, -0.84729386, 0.03788873, 0.02771446, -0.74235550
3, 0.03763600, 0.02750846, -0.85208788, 0.03826693, 0.02801011, -0.74729221
3, 0.03800355, 0.02779203, -0.85697747, 0.03864745, 0.02831280, -0.75232413
3, 0.03837362, 0.02808239, -0.86196148, 0.03903030, 0.02862272, -0.75745143
3, 0.03874539, 0.02837905, -0.86703873, 0.03941523, 0.02893992, -0.76267424
3, 0.03911929, 0.02868257, -0.87220832, 0.03980209, 0.02926447, -0.76799278
3, 0.03949468, 0.02899261, -0.87747046, 0.04019095, 0.02959666, -0.77340747
3, 0.03987198, 0.02930973, -0.88282565, 0.04058168, 0.02993667, -0.77891877
3, 0.04025083, 0.02963383, -0.88827436, 0.04097395, 0.03028441, -0.78452717
3, 0.04063132, 0.02996522, -0.89381710, 0.04136798, 0.03064035, -0.79023315
3, 0.04101325, 0.03030393, -0.89945434, 0.04176328, 0.03100432, -0.79603717
3, 0.04139663, 0.03065023, -0.90518658, 0.04216008, 0.03137681, -0.80193971
3, 0.04178115, 0.03100405, -0.91101429, 0.04255799, 0.03175776, -0.80794125
3, 0.04216668, 0.03136554, -0.91693798, 0.04295702, 0.03214746, -0.81404226
3, 0.04255346, 0.03173520, -0.92295807, 0.04335713, 0.03254620, -0.82024316
3, 0.04294114, 0.03211291, -0.92907403, 0.04375787, 0.03295382, -0.82654336
3, 0.04332937, 0.03249867, -0.93528458, 0.04415925, 0.03337071, -0.83294143
3, 0.04371831, 0.03289287, -0.94158837, 0.04456102, 0.03379693, -0.83943591
3, 0.04410774, 0.03329562, -0.94798409, 0.04496319, 0.03423287, -0.84602535
3, 0.04449726, 0.03370679, -0.95447039, 0.04536519, 0.03467826, -0.85270829
3, 0.04488687, 0.03412670, -0.96104595, 0.04576697, 0.03513342, -0.85948329
3, 0.04527641, 0.03455550, -0.96770945, 0.04616838, 0.03559861, -0.86634889
3, 0.04566553, 0.03499311, -0.97445972, 0.04656914, 0.03607390, -0.87330382
3, 0.04605429, 0.03543999, -0.98129577, 0.04696899, 0.03655939, -0.88034701
3, 0.04644216, 0.03589585, -0.98821659, 0.04736748, 0.03705499, -0.88747735
3, 0.04682886, 0.03636073, -0.99522120, 0.04776461, 0.03756113, -0.89469378
3, 0.04721466, 0.03683531, -1.00230858, 0.04816007, 0.03807790, -0.90199520
3, 0.04759887, 0.03731917, -1.00947776, 0.04855351, 0.03860531, -0.90938053
3, 0.04798137, 0.03781252, -1.01672768, 0.04894459, 0.03914341, -0.91684868
3, 0.04836193, 0.03831547, -1.02405554, 0.04933297, 0.03969229, -0.92439791
3, 0.04874027, 0.03882807, -1.03145644, 0.04971839, 0.04025203, -0.93202579
3, 0.04911609, 0.03935039, -1.03892534, 0.05010047, 0.04082264, -0.93972981
3, 0.04948900, 0.03988224, -1.04645723, 0.05047887, 0.04140423, -0.94750747
3, 0.04985898, 0.04042411, -1.05404705, 0.05085300, 0.04199642, -0.95535627
3, 0.05022566, 0.04097592, -1.06168980, 0.05122269, 0.04259953, -0.96327371
3, 0.05058829, 0.04153699, -1.06938043, 0.05158745, 0.04321336, -0.97125728
3, 0.05094717, 0.04210828, -1.07711392, 0.05194692, 0.04383787, -0.97930450
3, 0.05130166, 0.04268927, -1.08488523, 0.05230062, 0.04447288, -0.98741286
3, 0.05165144, 0.04327995, -1.09268920, 0.05264811, 0.04511824, -0.99557978
3, 0.05199609, 0.04388015, -1.10052010, 0.05298888, 0.04577358, -1.00380238
3, 0.05233526, 0.04448973, -1.10837208, 0.05332274, 0.04643919, -1.01207769
3, 0.05266867, 0.04510873, -1.11623926, 0.05364895, 0.04711414, -1.02040275
3, 0.05299587, 0.04573687, -1.12411588, 0.05396725, 0.04779855, -1.02877465
3, 0.05331659, 0.04637417, -1.13200329, 0.05427735, 0.04849242, -1.03719424
3, 0.05363118, 0.04702201, -1.13991546, 0.05457931, 0.04919663, -1.04566902
3, 0.05393980, 0.04768145, -1.14786764, 0.05487336, 0.04991261, -1.05420719
3, 0.05424263, 0.04835390, -1.15587506, 0.05515957, 0.05064168, -1.06281693
3, 0.05453968, 0.04904059, -1.16395297, 0.05543789, 0.05138506, -1.07150642
3, 0.05483091, 0.04974287, -1.17211661, 0.05570838, 0.05214461, -1.08028385
3, 0.05511650, 0.05046280, -1.18038122, 0.05597071, 0.05292140, -1.08915741
3, 0.05539617, 0.05120175, -1.18876205, 0.05622474, 0.05371742, -1.09813528
3, 0.05566976, 0.05196161, -1.19727434, 0.05647011, 0.05453457, -1.10722565
3, 0.05593699, 0.05274452, -1.20593332, 0.05670635, 0.05537477, -1.11643670
3, 0.05619722, 0.05355188, -1.21475426, 0.05693283, 0.05624003, -1.12577662
3, 0.05645005, 0.05438650, -1.22375268, 0.05714875, 0.05713260, -1.13525359
3, 0.05669470, 0.05525060, -1.23295129, 0.05735319, 0.05805506, -1.14487581
3, 0.05693037, 0.05614726, -1.24237974, 0.05754507, 0.05901078, -1.15465145
3, 0.05715533, 0.05707657, -1.25200515, 0.05772221, 0.05999853, -1.16457982
3, 0.05736638, 0.05803226, -1.26162963, 0.05788099, 0.06100602, -1.17463699
3, 0.05756055, 0.05900632, -1.27102855, 0.05801817, 0.06201661, -1.18479525
3, 0.05773527, 0.05998917, -1.27997728, 0.05813200, 0.06301326, -1.19502690
3, 0.05788870, 0.06097100, -1.28825119, 0.05822190, 0.06397752, -1.20530425
3, 0.05801979, 0.06194114, -1.29562564, 0.05828873, 0.06488998, -1.21559959
3, 0.05812817, 0.06288840, -1.30187602, 0.05833458, 0.06572960, -1.22588521
3, 0.05821438, 0.06380048, -1.30677769, 0.05836298, 0.06647874, -1.23613342
3, 0.05827971, 0.06466475, -1.31010602, 0.05837696, 0.06713415, -1.24631650
3, 0.05832619, 0.06546823, -1.31163639, 0.05838270, 0.06762196, -1.25640677
3, 0.05835659, 0.06619747, -1.31114415, 0.05838409, 0.06775692, -1.26637652
3, 0.05837457, 0.06683937, -1.30840470, 0.05838431, 0.06782139, -1.27619804
3, 0.05838178, 0.06738023, -1.30319339, 0.05838431, 0.06782139, -1.28584363
3, 0.05838430, 0.06780696, -1.29528559, 0.05838430, 0.06780696, -1.29528559
4, 0.02844010, 0.02398482, -0.68722208, 0.02844010, 0.02398482, -0.68722208
4, 0.02841691, 0.02397285, -0.69987295, 0.02852707, 0.02402925, -0.67524765
4, 0.02846215, 0.02399565, -0.71123921, 0.02866657, 0.02410076, -0.66584067
4, 0.02856970, 0.02405029, -0.72142192, 0.02885400, 0.02419748, -0.65879498
4, 0.02873357, 0.02413417, -0.73052213, 0.02908514, 0.02431786, -0.65390444
4, 0.02894833, 0.02424511, -0.73864091, 0.02935535, 0.02446022, -0.65096288
4, 0.02920817, 0.02438087, -0.74587932, 0.02966026, 0.02462295, -0.64976416
4, 0.02950750, 0.02453934, -0.75233842, 0.02999522, 0.02480435, -0.65010212
4, 0.02984050, 0.02471821, -0.75811927, 0.03035612, 0.02500294, -0.65177061
4, 0.03020143, 0.02491526, -0.76332293, 0.03073807, 0.02521669, -0.65456348
4, 0.03058456, 0.02512800, -0.76805047, 0.03113640, 0.02544361, -0.65827456
4, 0.03098338, 0.02535349, -0.77240295, 0.03154669, 0.02568169, -0.66269772
4, 0.03139287, 0.02558931, -0.77648143, 0.03196394, 0.02592840, -0.66762679
4, 0.03180602, 0.02583176, -0.78038696, 0.03238337, 0.02618116, -0.67285563
4, 0.03221728, 0.02607766, -0.78422061, 0.03279996, 0.02643700, -0.67817807
4, 0.03262066, 0.02632337, -0.78807338, 0.03320920, 0.02669310, -0.68341165
4, 0.03301516, 0.02656805, -0.79197407, 0.03361063, 0.02694895, -0.68851996
4, 0.03340176, 0.02681213, -0.79592777, 0.03400527, 0.02720508, -0.69352223
4, 0.03378142, 0.02705602, -0.79993861, 0.03439320, 0.02746135, -0.69843624
4, 0.03415474, 0.02729999, -0.80400982, 0.03477568, 0.02771851, -0.70327824
4, 0.03452261, 0.02754447, -0.80814459, 0.03515306, 0.02797666, -0.70806440
4, 0.03488552, 0.02778970, -0.81234609, 0.03552640, 0.02823647, -0.71281091
4, 0.03524437, 0.02803622, -0.81661751, 0.03589626, 0.02849828, -0.71753395
4, 0.03559989, 0.02828445, -0.82096205, 0.03626307, 0.02876235, -0.72224968
4, 0.03595318, 0.02853518, -0.82538288, 0.03662793, 0.02902950, -0.72697429
4, 0.03630420, 0.02878834, -0.82988319, 0.03699135, 0.02930010, -0.73172396
4, 0.03665460, 0.02904518, -0.83446617, 0.03735434, 0.02957500, -0.73651486
4, 0.03700500, 0.02930622, -0.83913499, 0.03771736, 0.02985460, -0.74136317
4, 0.03735578, 0.02957182, -0.84389285, 0.03808125, 0.03013970, -0.74628508
4, 0.03770841, 0.02984324, -0.84874272, 0.03844695, 0.03043120, -0.75129578
4, 0.03806256, 0.03012039, -0.85368541, 0.03881451, 0.03072932, -0.75640090
4, 0.03841812, 0.03040331, -0.85872053, 0.03918379, 0.03103415, -0.76160064
4, 0.03877561, 0.03069263, -0.86384769, 0.03955464, 0.03134577, -0.76689512
4, 0.03913423, 0.03098785, -0.86906646, 0.03992696, 0.03166432, -0.77228447
4, 0.03949437, 0.03128949, -0.87437656, 0.04030059, 0.03198985, -0.77776885
4, 0.03985542, 0.03159719, -0.87977821, 0.04067554, 0.03232262, -0.78334850
4, 0.04021781, 0.03191154, -0.88527173, 0.04105175, 0.03266281, -0.78902371
4, 0.04058118, 0.03223241, -0.89085746, 0.04142879, 0.03301025, -0.79479474
4, 0.04094559, 0.03256005, -0.89653572, 0.04180689, 0.03336540, -0.80066187
4, 0.04131080, 0.03289446, -0.90230684, 0.04218556, 0.03372807, -0.80662537
4, 0.04167682, 0.03323586, -0.90817116, 0.04256500, 0.03409871, -0.81268551
4, 0.04204337, 0.03358421, -0.91412900, 0.04294484, 0.03447722, -0.81884257
4, 0.04241030, 0.03393960, -0.92018070, 0.04332504, 0.03486385, -0.82509683
4, 0.04277785, 0.03430251, -0.92632652, 0.04370558, 0.03525889, -0.83144849
4, 0.04314558, 0.03467272, -0.93256579, 0.04408592, 0.03566206, -0.83789674
4, 0.04351328, 0.03505030, -0.93889701, 0.04446617, 0.03607378, -0.84443991
4, 0.04388100, 0.03543553, -0.94531868, 0.04484602, 0.03649405, -0.85107631
4, 0.04424854, 0.03582851, -0.95182929, 0.04522546, 0.03692321, -0.85780423
4, 0.04461550, 0.03622904, -0.95842733, 0.04560393, 0.03736092, -0.86462199
4, 0.04498195, 0.03663748, -0.96511129, 0.04598139, 0.03780751, -0.87152789
4, 0.04534765, 0.03705388, -0.97187967, 0.04635765, 0.03826312, -0.87852023
4, 0.04571224, 0.03747810, -0.97873103, 0.04673251, 0.03872787, -0.88559740
4, 0.04607587, 0.03791062, -0.98566402, 0.04710559, 0.03920169, -0.89275788
4, 0.04643795, 0.03835107, -0.99267726, 0.04747656, 0.03968451, -0.90000012
4, 0.04679823, 0.03879944, -0.99976940, 0.04784531, 0.04017664, -0.90732260
4, 0.04715699, 0.03925639, -1.00693909, 0.04821163, 0.04067819, -0.91472379
4, 0.04751356, 0.03972144, -1.01418495, 0.04857517, 0.04118909, -0.92220216
4, 0.04786783, 0.04019477, -1.02150559, 0.04893554, 0.04170927, -0.92975613
4, 0.04821958, 0.04067641, -1.02889830, 0.04929251, 0.04223884, -0.93738308
4, 0.04856853, 0.04116637, -1.03635882, 0.04964577, 0.04277778, -0.94507904
4, 0.04891442, 0.04166466, -1.04388275, 0.04999498, 0.04332601, -0.95283998
4, 0.04925684, 0.04217102, -1.05146574, 0.05033990, 0.04388371, -0.96066187
4, 0.04959588, 0.04268594, -1.05910341, 0.05067994, 0.04445036, -0.96854069
4, 0.04993109, 0.04320920, -1.06679139, 0.05101495, 0.04502622, -0.97647240
4, 0.05026181, 0.04374013, -1.07452530, 0.05134455, 0.04561114, -0.98445297
4, 0.05058834, 0.04427955, -1.08230078, 0.05166839, 0.04620495, -0.99247838
4, 0.05091012, 0.04482697, -1.09011346, 0.05198607, 0.04680748, -1.00054458
4, 0.05122683, 0.04538228, -1.09795889, 0.05229718, 0.04741848, -1.00864753
4, 0.05153812, 0.04594526, -1.10583240, 0.05260134, 0.04803768, -1.01678301
4, 0.05184370, 0.04651575, -1.11372925, 0.05289841, 0.04866532, -1.02494679
4, 0.05214341, 0.04709385, -1.12164470, 0.05318775, 0.04930047, -1.03313464
4, 0.05243684, 0.04767922, -1.12957407, 0.05346919, 0.04994331, -1.04134235
4, 0.05272375, 0.04827182, -1.13751807, 0.05374246, 0.05059375, -1.04956982
4, 0.05300455, 0.04887294, -1.14548694, 0.05400762, 0.05125253, -1.05782408
4, 0.05327941, 0.04948356, -1.15349188, 0.05426486, 0.05192085, -1.06611288
4, 0.05354854, 0.05010498, -1.16154409, 0.05451426, 0.05259987, -1.07444401
4, 0.05381199, 0.05073830, -1.16965477, 0.05475574, 0.05329054, -1.08282521
4, 0.05406972, 0.05138465, -1.17783510, 0.05498937, 0.05399442, -1.09126426
4, 0.05432196, 0.05204596, -1.18609631, 0.05521483, 0.05471230, -1.09976892
4, 0.05456852, 0.05272349, -1.19444958, 0.05543198, 0.05544577, -1.10834695
4, 0.05480926, 0.05341883, -1.20290611, 0.05564059, 0.05619651, -1.11700613
4, 0.05504401, 0.05413395, -1.21147711, 0.05584018, 0.05696588, -1.12575421
4, 0.05527219, 0.05486996, -1.22017377, 0.05603026, 0.05775558, -1.13459896
4, 0.05549355, 0.05562944, -1.22900743, 0.05621019, 0.05856730, -1.14354815
4, 0.05570738, 0.05641415, -1.23799259, 0.05637918, 0.05940293, -1.15260955
4, 0.05591303, 0.05722670, -1.24714681, 0.05653636, 0.06026480, -1.16179090
4, 0.05610897, 0.05806675, -1.25643138, 0.05668001, 0.06115115, -1.17109368
4, 0.05629260, 0.05892884, -1.26565953, 0.05680726, 0.06205051, -1.18050291
4, 0.05646150, 0.05980610, -1.27462053, 0.05691578, 0.06294782, -1.19000091
4, 0.05661354, 0.06069015, -1.28310361, 0.05700439, 0.06382758, -1.19957001
4, 0.05674725, 0.06157260, -1.29089805, 0.05707303, 0.06467352, -1.20919256
4, 0.05686177, 0.06244443, -1.29779308, 0.05712279, 0.06546856, -1.21885089
4, 0.05695688, 0.06329639, -1.30357798, 0.05715572, 0.06619415, -1.22852733
4, 0.05703298, 0.06411819, -1.30804198, 0.05717521, 0.06683396, -1.23820421
4, 0.05709112, 0.06489934, -1.31097435, 0.05718359, 0.06737731, -1.24786387
4, 0.05713296, 0.06562912, -1.31216434, 0.05718648, 0.06776766, -1.25748865
4, 0.05716073, 0.06629635, -1.31140121, 0.05718687, 0.06780515, -1.26706088
4, 0.05717756, 0.06689033, -1.30847420, 0.05718693, 0.06782306, -1.27656289
4, 0.05718444, 0.06739963, -1.30317258, 0.05718693, 0.06782306, -1.28597701
4, 0.05718693, 0.06781330, -1.29528559, 0.05718693, 0.06781330, -1.29528559
5, 0.02886414, 0.02644327, -0.68765432, 0.02886414, 0.02644327, -0.68765432
5, 0.02883610, 0.02642894, -0.69869593, 0.02895474, 0.02649011, -0.67730699
5, 0.02887546, 0.02644948, -0.70877842, 0.02909664, 0.02656401, -0.66923640
5, 0.02897620, 0.02650195, -0.71797559, 0.02928542, 0.02666315, -0.66326233
5, 0.02913249, 0.02658376, -0.72636122, 0.02951691, 0.02678599, -0.65920460
5, 0.02933901, 0.02669272, -0.73400912, 0.02978662, 0.02693084, -0.65688299
5, 0.02959009, 0.02682660, -0.74099306, 0.03009025, 0.02709614, -0.65611730
5, 0.02988025, 0.02698328, -0.74738686, 0.03042327, 0.02728017, -0.65672733
5, 0.03020377, 0.02716047, -0.75326430, 0.03078167, 0.02748148, -0.65853287
5, 0.03055505, 0.02735592, -0.75869918, 0.03116064, 0.02769803, -0.66135372
5, 0.03092852, 0.02756723, -0.76376528, 0.03155567, 0.02792788, -0.66500967
5, 0.03131783, 0.02779146, -0.76853641, 0.03196249, 0.02816904, -0.66932052
5, 0.03171814, 0.02802626, -0.77308636, 0.03237629, 0.02841906, -0.67410608
5, 0.03212258, 0.02826798, -0.77748891, 0.03279237, 0.02867536, -0.67918612
5, 0.03252587, 0.02851354, -0.78181788, 0.03320597, 0.02893508, -0.68438045
5, 0.03292222, 0.02875940, -0.78613964, 0.03361273, 0.02919543, -0.68952880
5, 0.03331032, 0.02900454, -0.79047495, 0.03401192, 0.02945575, -0.69459394
5, 0.03369062, 0.02924909, -0.79482721, 0.03440407, 0.02971625, -0.69958559
5, 0.03406384, 0.02949334, -0.79920092, 0.03478900, 0.02997665, -0.70451552
5, 0.03443055, 0.02973751, -0.80360172, 0.03516805, 0.03023769, -0.70939739
5, 0.03479163, 0.02998205, -0.80803529, 0.03554147, 0.03049945, -0.71424497
5, 0.03514749, 0.03022713, -0.81250731, 0.03591034, 0.03076258, -0.71907202
5, 0.03549902, 0.03047330, -0.81702347, 0.03627517, 0.03102739, -0.72389230
5, 0.03584686, 0.03072093, -0.82158945, 0.03663638, 0.03129414, -0.72871958
5, 0.03619215, 0.03097081, -0.82621094, 0.03699502, 0.03156358, -0.73356762
5, 0.03653472, 0.03122281, -0.83089361, 0.03735159, 0.03183611, -0.73845018
5, 0.03687620, 0.03147814, -0.83564316, 0.03770711, 0.03211254, -0.74338102
5, 0.03721717, 0.03173731, -0.84046526, 0.03806192, 0.03239321, -0.74837390
5, 0.03755791, 0.03200058, -0.84536560, 0.03841683, 0.03267889, -0.75344259
5, 0.03789989, 0.03226923, -0.85034959, 0.03877283, 0.03297048, -0.75860002
5, 0.03824272, 0.03254309, -0.85541987, 0.03912985, 0.03326814, -0.76385106
5, 0.03858640, 0.03282229, -0.86057754, 0.03948796, 0.03357208, -0.76919599
5, 0.03893147, 0.03310742, -0.86582368, 0.03984693, 0.03388231, -0.77463503
5, 0.03927718, 0.03339805, -0.87115936, 0.04020683, 0.03419908, -0.78016840
5, 0.03962390, 0.03369464, -0.87658549, 0.04056751, 0.03452248, -0.78579630
5, 0.03997107, 0.03399688, -0.88210240, 0.04092893, 0.03485267, -0.79151880
5, 0.04031913, 0.03430531, -0.88771022, 0.04129110, 0.03518989, -0.79733596
5, 0.04066771, 0.03461981, -0.89340912, 0.04165353, 0.03553390, -0.80324780
5, 0.04101684, 0.03494058, -0.89919924, 0.04201641, 0.03588513, -0.80925439
5, 0.04136627, 0.03526760, -0.90508074, 0.04237931, 0.03624341, -0.81535575
5, 0.04171599, 0.03560104, -0.91105377, 0.04274237, 0.03660910, -0.82155195
5, 0.04206576, 0.03594088, -0.91711849, 0.04310524, 0.03698213, -0.82784301
5, 0.04241542, 0.03628718, -0.92327504, 0.04346784, 0.03736266, -0.83422899
5, 0.04276519, 0.03664036, -0.92952354, 0.04383017, 0.03775098, -0.84070987
5, 0.04311458, 0.03700016, -0.93586316, 0.04419165, 0.03814677, -0.84728467
5, 0.04346349, 0.03736670, -0.94229236, 0.04455243, 0.03855042, -0.85395159
5, 0.04381189, 0.03774017, -0.94880956, 0.04491218, 0.03896191, -0.86070880
5, 0.04415960, 0.03812064, -0.95541318, 0.04527084, 0.03938148, -0.86755450
5, 0.04450621, 0.03850789, -0.96210165, 0.04562792, 0.03980885, -0.87448686
5, 0.04485185, 0.03890230, -0.96887338, 0.04598334, 0.04024425, -0.88150405
5, 0.04519624, 0.03930385, -0.97572680, 0.04633691, 0.04068777, -0.88860426
5, 0.04553900, 0.03971232, -0.98266024, 0.04668847, 0.04113956, -0.89578556
5, 0.04588033, 0.04012822, -0.98967193, 0.04703760, 0.04159942, -0.90304594
5, 0.04621964, 0.04055114, -0.99676011, 0.04738401, 0.04206733, -0.91038336
5, 0.04655671, 0.04098104, -1.00392303, 0.04772754, 0.04254344, -0.91779579
5, 0.04689179, 0.04141851, -1.01115891, 0.04806805, 0.04302790, -0.92528122
5, 0.04722424, 0.04186307, -1.01846600, 0.04840517, 0.04352057, -0.93283762
5, 0.04755398, 0.04231486, -1.02584251, 0.04873852, 0.04402132, -0.94046292
5, 0.04788077, 0.04277386, -1.03328572, 0.04906792, 0.04453024, -0.94815373
5, 0.04820437, 0.04324003, -1.04079180, 0.04939307, 0.04504724, -0.95590506
5, 0.04852453, 0.04371335, -1.04835686, 0.04971362, 0.04557219, -0.96371184
5, 0.04884087, 0.04419353, -1.05597702, 0.05002942, 0.04610528, -0.97156898
5, 0.04915350, 0.04468104, -1.06364837, 0.05033989, 0.04664593, -0.97947140
5, 0.04946195, 0.04517554, -1.07136704, 0.05064492, 0.04719435, -0.98741403
5, 0.04976567, 0.04567642, -1.07912912, 0.05094419, 0.04775037, -0.99539178
5, 0.05006490, 0.04618435, -1.08693073, 0.05123736, 0.04831379, -1.00339956
5, 0.05035918, 0.04669889, -1.09476796, 0.05152411, 0.04888441, -1.01143230
5, 0.05064819, 0.04721986, -1.10263702, 0.05180408, 0.04946194, -1.01948497
5, 0.05093168, 0.04774707, -1.11053438, 0.05207698, 0.05004622, -1.02755269
5, 0.05120940, 0.04828037, -1.11845663, 0.05234273, 0.05063741, -1.03563064
5, 0.05148133, 0.04881996, -1.12640033, 0.05260077, 0.05123474, -1.04371399
5, 0.05174709, 0.04936551, -1.13436209, 0.05285102, 0.05183836, -1.05179798
5, 0.05200651, 0.04991699, -1.14234240, 0.05309324, 0.05244819, -1.05988180
5, 0.05225999, 0.05047561, -1.15034858, 0.05332748, 0.05306484, -1.06797169
5, 0.05250770, 0.05104226, -1.15838862, 0.05355389, 0.05368933, -1.07607459
5, 0.05274989, 0.05161814, -1.16647054, 0.05377253, 0.05432262, -1.08419745
5, 0.05298659, 0.05220425, -1.17460234, 0.05398331, 0.05496549, -1.09234721
5, 0.05321779, 0.05280156, -1.18279202, 0.05418627, 0.05561919, -1.10053083
5, 0.05344369, 0.05341182, -1.19104760, 0.05438113, 0.05628433, -1.10875524
5, 0.05366420, 0.05403622, -1.19937706, 0.05456773, 0.05696210, -1.11702739
5, 0.05387917, 0.05467612, -1.20778843, 0.05474590, 0.05765401, -1.12535422
5, 0.05408847, 0.05533328, -1.21628971, 0.05491520, 0.05836095, -1.13374269
5, 0.05429160, 0.05600863, -1.22488890, 0.05507525, 0.05908436, -1.14219973
5, 0.05448837, 0.05670450, -1.23359383, 0.05522549, 0.05982546, -1.15073230
5, 0.05467809, 0.05742215, -1.24240838, 0.05536524, 0.06058533, -1.15934734
5, 0.05486015, 0.05816350, -1.25133238, 0.05549373, 0.06136504, -1.16805177
5, 0.05503317, 0.05892774, -1.26031712, 0.05560961, 0.06216207, -1.17684840
5, 0.05519502, 0.05971006, -1.26918705, 0.05571073, 0.06296578, -1.18572917
5, 0.05534374, 0.06050454, -1.27774605, 0.05579550, 0.06376264, -1.19468424
5, 0.05547760, 0.06130393, -1.28579802, 0.05586328, 0.06453869, -1.20370381
5, 0.05559545, 0.06210106, -1.29314683, 0.05591444, 0.06527968, -1.21277804
5, 0.05569660, 0.06288830, -1.29959638, 0.05595022, 0.06597062, -1.22189712
5, 0.05578095, 0.06365802, -1.30495055, 0.05597267, 0.06659535, -1.23105123
5, 0.05584882, 0.06440166, -1.30901323, 0.05598502, 0.06713727, -1.24023053
5, 0.05590107, 0.06511052, -1.31158830, 0.05598910, 0.06756969, -1.24942522
5, 0.05593908, 0.06577578, -1.31247965, 0.05598991, 0.06786904, -1.25862547
5, 0.05596466, 0.06638819, -1.31149117, 0.05598960, 0.06783905, -1.26782145
5, 0.05598050, 0.06693903, -1.30842674, 0.05598955, 0.06782473, -1.27700334
5, 0.05598711, 0.06741887, -1.30309025, 0.05598955, 0.06782473, -1.28616133
5, 0.05598955, 0.06781853, -1.29528559, 0.05598955, 0.06781853, -1.29528559
6, 0.02907684, 0.02879769, -0.68800807, 0.02907684, 0.02879769, -0.68800807
6, 0.02904539, 0.02878168, -0.69750287, 0.02916893, 0.02884559, -0.67921570
6, 0.02907916, 0.02879977, -0.70635288, 0.02931092, 0.02892015, -0.67240274
6, 0.02917240, 0.02884910, -0.71460576, 0.02949861, 0.02901966, -0.66741624
6, 0.02931961, 0.02892720, -0.72230912, 0.02972792, 0.02914257, -0.66410326
6, 0.02951570, 0.02903194, -0.72951063, 0.02999455, 0.02928729, -0.66231085
6, 0.02975525, 0.02916116, -0.73625790, 0.03029439, 0.02945229, -0.66188606
6, 0.03003304, 0.02931279, -0.74259858, 0.03062303, 0.02963592, -0.66267593
6, 0.03034363, 0.02948467, -0.74858031, 0.03097663, 0.02983676, -0.66452752
6, 0.03068167, 0.02967462, -0.75425073, 0.03135051, 0.03005285, -0.66728788
6, 0.03104189, 0.02988037, -0.75965747, 0.03174040, 0.03028233, -0.67080406
6, 0.03141829, 0.03009913, -0.76484817, 0.03214222, 0.03052333, -0.67492311
6, 0.03180626, 0.03032869, -0.76987047, 0.03255138, 0.03077348, -0.67949208
6, 0.03219928, 0.03056558, -0.77477201, 0.03296334, 0.03103032, -0.68435802
6, 0.03259241, 0.03080692, -0.77960043, 0.03337365, 0.03129115, -0.68936799
6, 0.03298022, 0.03104941, -0.78439831, 0.03377810, 0.03155329, -0.69438473
6, 0.03336090, 0.03129178, -0.78917707, 0.03417549, 0.03181580, -0.69936788
6, 0.03373419, 0.03153375, -0.79393642, 0.03456570, 0.03207849, -0.70431432
6, 0.03410040, 0.03177536, -0.79868014, 0.03494826, 0.03234087, -0.70922793
6, 0.03446011, 0.03201684, -0.80341608, 0.03532443, 0.03260363, -0.71411951
6, 0.03481406, 0.03225857, -0.80815227, 0.03569446, 0.03286684, -0.71900018
6, 0.03516267, 0.03250072, -0.81289676, 0.03605938, 0.03313109, -0.72388105
6, 0.03550679, 0.03274379, -0.81765756, 0.03641965, 0.03339666, -0.72877323
6, 0.03584693, 0.03298809, -0.82244270, 0.03677572, 0.03366380, -0.73368785
6, 0.03618420, 0.03323437, -0.82726024, 0.03712856, 0.03393322, -0.73863601
6, 0.03651842, 0.03348251, -0.83211818, 0.03747865, 0.03420527, -0.74362882
6, 0.03685104, 0.03373356, -0.83702458, 0.03782698, 0.03448073, -0.74867740
6, 0.03718268, 0.03398803, -0.84198745, 0.03817383, 0.03475989, -0.75379286
6, 0.03751347, 0.03424612, -0.84701483, 0.03851997, 0.03504346, -0.75898631
6, 0.03784488, 0.03450903, -0.85211446, 0.03886638, 0.03533232, -0.76426823
6, 0.03817648, 0.03477657, -0.85729126, 0.03921295, 0.03562658, -0.76964269
6, 0.03850839, 0.03504895, -0.86254850, 0.03955997, 0.03592659, -0.77511019
6, 0.03884118, 0.03532676, -0.86788947, 0.03990717, 0.03623234, -0.78067116
6, 0.03917424, 0.03560965, -0.87331743, 0.04025483, 0.03654421, -0.78632603
6, 0.03950787, 0.03589802, -0.87883511, 0.04060285, 0.03686233, -0.79207513
6, 0.03984165, 0.03619166, -0.88444302, 0.04095114, 0.03718681, -0.79791837
6, 0.04017594, 0.03649103, -0.89014111, 0.04129974, 0.03751791, -0.80385552
6, 0.04051043, 0.03679605, -0.89592934, 0.04164816, 0.03785537, -0.80988637
6, 0.04084506, 0.03710681, -0.90180766, 0.04199655, 0.03819956, -0.81601071
6, 0.04117964, 0.03742334, -0.90777604, 0.04234453, 0.03855034, -0.82222833
6, 0.04151413, 0.03774576, -0.91383442, 0.04269218, 0.03890800, -0.82853902
6, 0.04184832, 0.03807406, -0.91998276, 0.04303918, 0.03927246, -0.83494257
6, 0.04218204, 0.03840826, -0.92622102, 0.04338543, 0.03964389, -0.84143875
6, 0.04251549, 0.03874876, -0.93254910, 0.04373090, 0.04002247, -0.84802731
6, 0.04284814, 0.03909522, -0.93896615, 0.04407506, 0.04040794, -0.85470715
6, 0.04318002, 0.03944789, -0.94547063, 0.04441802, 0.04080063, -0.86147645
6, 0.04351098, 0.03980677, -0.95206102, 0.04475948, 0.04120051, -0.86833340
6, 0.04384090, 0.04017201, -0.95873577, 0.04509931, 0.04160769, -0.87527615
6, 0.04416938, 0.04054335, -0.96549335, 0.04543715, 0.04202205, -0.88230288
6, 0.04449657, 0.04092117, -0.97233223, 0.04577282, 0.04244363, -0.88941178
6, 0.04482217, 0.04130539, -0.97925084, 0.04610614, 0.04287256, -0.89660098
6, 0.04514580, 0.04169577, -0.98624733, 0.04643703, 0.04330898, -0.90386830
6, 0.04546769, 0.04209281, -0.99331950, 0.04676500, 0.04375260, -0.91121118
6, 0.04578724, 0.04249606, -1.00046515, 0.04708983, 0.04420345, -0.91862705
6, 0.04610430, 0.04290553, -1.00768208, 0.04741129, 0.04466153, -0.92611335
6, 0.04641903, 0.04332166, -1.01496807, 0.04772931, 0.04512702, -0.93366749
6, 0.04673090, 0.04374405, -1.02232094, 0.04804351, 0.04559976, -0.94128693
6, 0.04703981, 0.04417280, -1.02973844, 0.04835353, 0.04607955, -0.94896903
6, 0.04734552, 0.04460781, -1.03721777, 0.04865922, 0.04656649, -0.95670987
6, 0.04764780, 0.04504906, -1.04475538, 0.04896028, 0.04706043, -0.96450387
6, 0.04794643, 0.04549648, -1.05234767, 0.04925638, 0.04756118, -0.97234540
6, 0.04824107, 0.04594979, -1.05999106, 0.04954743, 0.04806895, -0.98022880
6, 0.04853184, 0.04640941, -1.06768195, 0.04983287, 0.04858315, -0.98814842
6, 0.04881825, 0.04687493, -1.07541675, 0.05011260, 0.04910391, -0.99609860
6, 0.04909987, 0.04734587, -1.08319188, 0.05038636, 0.04963106, -1.00407369
6, 0.04937685, 0.04782269, -1.09100375, 0.05065385, 0.05016440, -1.01206805
6, 0.04964883, 0.04830503, -1.09884875, 0.05091476, 0.05070367, -1.02007602
6, 0.04991553, 0.04879269, -1.10672359, 0.05116881, 0.05124863, -1.02809210
6, 0.05017676, 0.04928558, -1.11462605, 0.05141582, 0.05179919, -1.03611141
6, 0.05043237, 0.04978359, -1.12255421, 0.05165568, 0.05235546, -1.04412923
6, 0.05068242, 0.05028705, -1.13050614, 0.05188801, 0.05291692, -1.05214083
6, 0.05092661, 0.05079574, -1.13847994, 0.05211275, 0.05348368, -1.06014152
6, 0.05116485, 0.05130969, -1.14647628, 0.05232971, 0.05405573, -1.06813017
6, 0.05139748, 0.05183001, -1.15450037, 0.05253891, 0.05463356, -1.07611185
6, 0.05162468, 0.05235754, -1.16255786, 0.05274046, 0.05521805, -1.08409231
6, 0.05184666, 0.05289336, -1.17065441, 0.05293438, 0.05580995, -1.09207726
6, 0.05206348, 0.05343844, -1.17879569, 0.05312060, 0.05640991, -1.10007244
6, 0.05227511, 0.05399359, -1.18698736, 0.05329908, 0.05701891, -1.10808357
6, 0.05248172, 0.05456038, -1.19523508, 0.05346961, 0.05763747, -1.11611637
6, 0.05268323, 0.05513995, -1.20354450, 0.05363197, 0.05826640, -1.12417658
6, 0.05287948, 0.05573346, -1.21192130, 0.05378605, 0.05890706, -1.13226993
6, 0.05307038, 0.05634250, -1.22037112, 0.05393143, 0.05955999, -1.14040213
6, 0.05325545, 0.05696789, -1.22889964, 0.05406778, 0.06022639, -1.14857893
6, 0.05343451, 0.05761169, -1.23751189, 0.05419463, 0.06090707, -1.15680603
6, 0.05360683, 0.05827460, -1.24619867, 0.05431134, 0.06160227, -1.16508918
6, 0.05377175, 0.05895766, -1.25493643, 0.05441716, 0.06231149, -1.17343407
6, 0.05392793, 0.05965953, -1.26366237, 0.05451101, 0.06303128, -1.18184397
6, 0.05407363, 0.06037589, -1.27221218, 0.05459140, 0.06375182, -1.19031576
6, 0.05420728, 0.06110166, -1.28040514, 0.05465735, 0.06446108, -1.19884525
6, 0.05432747, 0.06183054, -1.28806051, 0.05470868, 0.06514659, -1.20742828
6, 0.05443331, 0.06255639, -1.29499755, 0.05474611, 0.06579599, -1.21606069
6, 0.05452428, 0.06327274, -1.30103555, 0.05477104, 0.06639616, -1.22473829
6, 0.05460038, 0.06397329, -1.30599375, 0.05478543, 0.06693320, -1.23345691
6, 0.05466189, 0.06465088, -1.30969144, 0.05479240, 0.06738868, -1.24221239
6, 0.05470956, 0.06529828, -1.31194787, 0.05479350, 0.06771129, -1.25100055
6, 0.05474455, 0.06590821, -1.31258232, 0.05479298, 0.06792611, -1.25981722
6, 0.05476837, 0.06647299, -1.31141405, 0.05479229, 0.06785863, -1.26865823
6, 0.05478340, 0.06698549, -1.30826232, 0.05479218, 0.06782640, -1.27751941
6, 0.05478977, 0.06743795, -1.30294642, 0.05479218, 0.06782640, -1.28639659
6, 0.05479218, 0.06782266, -1.29528559, 0.05479218, 0.06782266, -1.29528559
7, 0.02907822, 0.03104809, -0.68828333, 0.02907822, 0.03104809, -0.68828333
7, 0.02904477, 0.03103107, -0.69629376, 0.02916964, 0.03109568, -0.68097377
7, 0.02907325, 0.03104652, -0.70396259, 0.02930941, 0.03116919, -0.67533969
7, 0.02915832, 0.03109176, -0.71131242, 0.02949358, 0.03126701, -0.67125671
7, 0.02929492, 0.03116450, -0.71836584, 0.02971815, 0.03138761, -0.66860043
7, 0.02947839, 0.03126277, -0.72514544, 0.02997915, 0.03152955, -0.66724646
7, 0.02970365, 0.03138453, -0.73167382, 0.03027267, 0.03169140, -0.66707042
7, 0.02996588, 0.03152787, -0.73797358, 0.03059451, 0.03187160, -0.66794792
7, 0.03026008, 0.03169081, -0.74406730, 0.03094098, 0.03206878, -0.66975456
7, 0.03058131, 0.03187136, -0.74997759, 0.03130769, 0.03228115, -0.67236596
7, 0.03092467, 0.03206741, -0.75572703, 0.03169058, 0.03250698, -0.67565773
7, 0.03128474, 0.03227650, -0.76133823, 0.03208586, 0.03274454, -0.67950548
7, 0.03165723, 0.03249660, -0.76683377, 0.03248919, 0.03299167, -0.68378481
7, 0.03203612, 0.03272455, -0.77223626, 0.03289628, 0.03324605, -0.68837134
7, 0.03241692, 0.03295781, -0.77756828, 0.03330298, 0.03350522, -0.69314069
7, 0.03279465, 0.03319340, -0.78284939, 0.03370529, 0.03376668, -0.69797942
7, 0.03316689, 0.03342976, -0.78808042, 0.03410134, 0.03402912, -0.70284179
7, 0.03353248, 0.03366610, -0.79325539, 0.03449017, 0.03429180, -0.70770842
7, 0.03389110, 0.03390208, -0.79837625, 0.03487096, 0.03455401, -0.71257348
7, 0.03424340, 0.03413798, -0.80345289, 0.03524482, 0.03481632, -0.71744461
7, 0.03458990, 0.03437404, -0.80849554, 0.03561203, 0.03507881, -0.72233004
7, 0.03493109, 0.03461047, -0.81351442, 0.03597351, 0.03534199, -0.72723801
7, 0.03526768, 0.03484770, -0.81851976, 0.03632970, 0.03560607, -0.73217674
7, 0.03560008, 0.03508594, -0.82352181, 0.03668110, 0.03587136, -0.73715448
7, 0.03592931, 0.03532587, -0.82853078, 0.03702854, 0.03613841, -0.74217944
7, 0.03625529, 0.03556742, -0.83355691, 0.03737252, 0.03640758, -0.74725987
7, 0.03657913, 0.03581142, -0.83861042, 0.03771394, 0.03667957, -0.75240399
7, 0.03690151, 0.03605838, -0.84370156, 0.03805309, 0.03695465, -0.75762004
7, 0.03722248, 0.03630842, -0.84884054, 0.03839066, 0.03723341, -0.76291625
7, 0.03754337, 0.03656263, -0.85403735, 0.03872759, 0.03751670, -0.76830039
7, 0.03786383, 0.03682084, -0.85929957, 0.03906382, 0.03780464, -0.77377579
7, 0.03818409, 0.03708331, -0.86463341, 0.03939981, 0.03809768, -0.77934324
7, 0.03850475, 0.03735065, -0.87004504, 0.03973537, 0.03839586, -0.78500351
7, 0.03882540, 0.03762265, -0.87554067, 0.04007096, 0.03869970, -0.79075737
7, 0.03914630, 0.03789965, -0.88112541, 0.04040661, 0.03900942, -0.79660535
7, 0.03946715, 0.03818155, -0.88680008, 0.04074214, 0.03932505, -0.80254719
7, 0.03978824, 0.03846872, -0.89256440, 0.04107766, 0.03964687, -0.80858238
7, 0.04010933, 0.03876111, -0.89841813, 0.04141269, 0.03997465, -0.81471043
7, 0.04043027, 0.03905876, -0.90436099, 0.04174730, 0.04030866, -0.82093084
7, 0.04075093, 0.03936169, -0.91039273, 0.04208123, 0.04064886, -0.82724310
7, 0.04107123, 0.03967001, -0.91651309, 0.04241444, 0.04099540, -0.83364673
7, 0.04139105, 0.03998374, -0.92272181, 0.04274666, 0.04134824, -0.84014123
7, 0.04171016, 0.04030286, -0.92901862, 0.04307781, 0.04170754, -0.84672611
7, 0.04202875, 0.04062771, -0.93540323, 0.04340777, 0.04207337, -0.85340081
7, 0.04234626, 0.04095792, -0.94187476, 0.04373614, 0.04244559, -0.86016418
7, 0.04266287, 0.04129384, -0.94843183, 0.04406294, 0.04282440, -0.86701451
7, 0.04297827, 0.04163535, -0.95507305, 0.04438794, 0.04320983, -0.87395008
7, 0.04329245, 0.04198262, -0.96179705, 0.04471089, 0.04360185, -0.88096918
7, 0.04360502, 0.04233542, -0.96860244, 0.04503162, 0.04400051, -0.88807008
7, 0.04391613, 0.04269409, -0.97548782, 0.04534982, 0.04440567, -0.89525107
7, 0.04422545, 0.04305850, -0.98245179, 0.04566537, 0.04481749, -0.90251039
7, 0.04453266, 0.04342846, -0.98949232, 0.04597818, 0.04523611, -0.90984562
7, 0.04483793, 0.04380436, -0.99660674, 0.04628780, 0.04566122, -0.91725361
7, 0.04514075, 0.04418583, -1.00379238, 0.04659402, 0.04609285, -0.92473121
7, 0.04544100, 0.04457290, -1.01104654, 0.04689658, 0.04653091, -0.93227527
7, 0.04573874, 0.04496585, -1.01836656, 0.04719541, 0.04697556, -0.93988261
7, 0.04603355, 0.04536439, -1.02574974, 0.04749019, 0.04742665, -0.94755007
7, 0.04632533, 0.04576858, -1.03319339, 0.04778056, 0.04788396, -0.95527447
7, 0.04661381, 0.04617828, -1.04069448, 0.04806640, 0.04834758, -0.96305149
7, 0.04689881, 0.04659345, -1.04824957, 0.04834741, 0.04881734, -0.97087547
7, 0.04718013, 0.04701403, -1.05585518, 0.04862327, 0.04929298, -0.97874067
7, 0.04745746, 0.04743979, -1.06350786, 0.04889392, 0.04977471, -0.98664133
7, 0.04773090, 0.04787105, -1.07120413, 0.04915887, 0.05026202, -0.99457172
7, 0.04799999, 0.04830738, -1.07894053, 0.04941800, 0.05075489, -1.00252610
7, 0.04826441, 0.04874847, -1.08671359, 0.04967107, 0.05125321, -1.01049872
7, 0.04852419, 0.04919456, -1.09451984, 0.04991784, 0.05175677, -1.01848384
7, 0.04877908, 0.04964537, -1.10235582, 0.05015801, 0.05226526, -1.02647572
7, 0.04902883, 0.05010077, -1.11021860, 0.05039138, 0.05277854, -1.03446891
7, 0.04927336, 0.05056078, -1.11810740, 0.05061783, 0.05329658, -1.04245918
7, 0.04951260, 0.05102540, -1.12602199, 0.05083727, 0.05381948, -1.05044257
7, 0.04974669, 0.05149514, -1.13396214, 0.05104947, 0.05434703, -1.05841514
7, 0.04997542, 0.05196990, -1.14192762, 0.05125438, 0.05487929, -1.06637299
7, 0.05019877, 0.05244993, -1.14991971, 0.05145186, 0.05541637, -1.07431493
7, 0.05041702, 0.05293614, -1.15794231, 0.05164190, 0.05595870, -1.08224457
7, 0.05063035, 0.05342941, -1.16599959, 0.05182456, 0.05650701, -1.09016604
7, 0.05083887, 0.05393066, -1.17409570, 0.05199982, 0.05706184, -1.09808344
7, 0.05104268, 0.05444087, -1.18223483, 0.05216759, 0.05762380, -1.10600088
7, 0.05124170, 0.05496074, -1.19042112, 0.05232781, 0.05819359, -1.11392247
7, 0.05143603, 0.05549164, -1.19865876, 0.05248026, 0.05877173, -1.12185232
7, 0.05162559, 0.05603467, -1.20695189, 0.05262471, 0.05935869, -1.12979454
7, 0.05181020, 0.05659086, -1.21530470, 0.05276104, 0.05995566, -1.13775325
7, 0.05198973, 0.05716161, -1.22372135, 0.05288885, 0.06056299, -1.14573254
7, 0.05216373, 0.05774774, -1.23220600, 0.05300787, 0.06118165, -1.15373654
7, 0.05233197, 0.05835100, -1.24076161, 0.05311764, 0.06181213, -1.16176935
7, 0.05249362, 0.05897149, -1.24936344, 0.05321750, 0.06245376, -1.16983507
7, 0.05264781, 0.05960918, -1.25795898, 0.05330665, 0.06310416, -1.17793779
7, 0.05279325, 0.06026212, -1.26646713, 0.05338422, 0.06375878, -1.18608039
7, 0.05292844, 0.06092636, -1.27473493, 0.05344926, 0.06440863, -1.19426268
7, 0.05305211, 0.06159744, -1.28259778, 0.05350132, 0.06504314, -1.20248393
7, 0.05316313, 0.06226996, -1.28989107, 0.05354060, 0.06565129, -1.21074345
7, 0.05326082, 0.06293859, -1.29645020, 0.05356806, 0.06622245, -1.21904050
7, 0.05334480, 0.06359775, -1.30211057, 0.05358523, 0.06674517, -1.22737438
7, 0.05341516, 0.06424222, -1.30670757, 0.05359400, 0.06720770, -1.23574437
7, 0.05347219, 0.06486585, -1.31007660, 0.05359737, 0.06758817, -1.24414977
7, 0.05351659, 0.06546262, -1.31205306, 0.05359679, 0.06780211, -1.25258985
7, 0.05354938, 0.06602641, -1.31247233, 0.05359569, 0.06793886, -1.26106391
7, 0.05357188, 0.06655076, -1.31116983, 0.05359492, 0.06786388, -1.26957122
7, 0.05358626, 0.06702970, -1.30798094, 0.05359480, 0.06782807, -1.27811108
7, 0.05359244, 0.06745688, -1.30274106, 0.05359480, 0.06782807, -1.28668278
7, 0.05359480, 0.06782568, -1.29528559, 0.05359480, 0.06782568, -1.29528559
8, 0.02886827, 0.03319445, -0.68848008, 0.02886827, 0.03319445, -0.68848008
8, 0.02883425, 0.03317712, -0.69506860, 0.02895688, 0.03324038, -0.68258120
8, 0.02885772, 0.03318974, -0.70160755, 0.02909211, 0.03331111, -0.67804726
8, 0.02893394, 0.03322993, -0.70809558, 0.02927032, 0.03340519, -0.67478373
8, 0.02905844, 0.03329565, -0.71453136, 0.02948761, 0.03352111, -0.67269610
8, 0.02922708, 0.03338520, -0.72091356, 0.02974042, 0.03365763, -0.67168983
8, 0.02943529, 0.03349672, -0.72724083, 0.03002509, 0.03381348, -0.67167041
8, 0.02967877, 0.03362852, -0.73351185, 0.03033770, 0.03398720, -0.67254331
8, 0.02995311, 0.03377889, -0.73972527, 0.03067473, 0.03417755, -0.67421400
8, 0.03025394, 0.03394612, -0.74587975, 0.03103216, 0.03438294, -0.67658797
8, 0.03057687, 0.03412836, -0.75197397, 0.03140621, 0.03460181, -0.67957068
8, 0.03091719, 0.03432357, -0.75800658, 0.03179343, 0.03483269, -0.68306762
8, 0.03127104, 0.03452998, -0.76397625, 0.03218973, 0.03507360, -0.68698426
8, 0.03163311, 0.03474490, -0.76988164, 0.03259120, 0.03532254, -0.69122608
8, 0.03199940, 0.03496620, -0.77572141, 0.03299396, 0.03557728, -0.69569855
8, 0.03236552, 0.03519137, -0.78149288, 0.03339431, 0.03583560, -0.70031288
8, 0.03272831, 0.03541849, -0.78718501, 0.03378948, 0.03609569, -0.70501565
8, 0.03308548, 0.03564614, -0.79278413, 0.03417748, 0.03635617, -0.70976788
8, 0.03343595, 0.03587351, -0.79828927, 0.03455712, 0.03661608, -0.71455216
8, 0.03378043, 0.03610094, -0.80371216, 0.03492921, 0.03687577, -0.71937268
8, 0.03411914, 0.03632846, -0.80906507, 0.03529417, 0.03713538, -0.72423455
8, 0.03445273, 0.03655640, -0.81436029, 0.03565274, 0.03739528, -0.72914290
8, 0.03478170, 0.03678502, -0.81961010, 0.03600532, 0.03765564, -0.73410283
8, 0.03510632, 0.03701446, -0.82482676, 0.03635252, 0.03791680, -0.73911947
8, 0.03542750, 0.03724529, -0.83002256, 0.03669497, 0.03817915, -0.74419794
8, 0.03574533, 0.03747756, -0.83520978, 0.03703321, 0.03844305, -0.74934335
8, 0.03606047, 0.03771173, -0.84040070, 0.03736801, 0.03870907, -0.75456081
8, 0.03637367, 0.03794837, -0.84560759, 0.03769972, 0.03897747, -0.75985546
8, 0.03668492, 0.03818750, -0.85084273, 0.03802891, 0.03924874, -0.76523240
8, 0.03699537, 0.03843004, -0.85611825, 0.03835646, 0.03952364, -0.77069651
8, 0.03730478, 0.03867588, -0.86144481, 0.03868245, 0.03980232, -0.77625035
8, 0.03761350, 0.03892537, -0.86683226, 0.03900748, 0.04008535, -0.78189514
8, 0.03792218, 0.03917909, -0.87229041, 0.03933153, 0.04037288, -0.78763209
8, 0.03823067, 0.03943705, -0.87782909, 0.03965524, 0.04066556, -0.79346240
8, 0.03853917, 0.03969952, -0.88345640, 0.03997880, 0.04096375, -0.79938696
8, 0.03884757, 0.03996653, -0.88917357, 0.04030196, 0.04126737, -0.80540528
8, 0.03915603, 0.04023836, -0.89498009, 0.04062486, 0.04157678, -0.81151656
8, 0.03946441, 0.04051501, -0.90087548, 0.04094711, 0.04189175, -0.81771999
8, 0.03977245, 0.04079641, -0.90685922, 0.04126866, 0.04221246, -0.82401476
8, 0.04008011, 0.04108265, -0.91293083, 0.04158940, 0.04253897, -0.83040006
8, 0.04038731, 0.04137381, -0.91908980, 0.04190915, 0.04287130, -0.83687508
8, 0.04069394, 0.04166994, -0.92533564, 0.04222769, 0.04320946, -0.84343902
8, 0.04099979, 0.04197098, -0.93166785, 0.04254498, 0.04355360, -0.85009106
8, 0.04130497, 0.04227721, -0.93808591, 0.04286078, 0.04390366, -0.85683037
8, 0.04160894, 0.04258825, -0.94458898, 0.04317490, 0.04425970, -0.86365576
8, 0.04191202, 0.04290458, -0.95117594, 0.04348720, 0.04462174, -0.87056576
8, 0.04221376, 0.04322590, -0.95784567, 0.04379755, 0.04498989, -0.87755887
8, 0.04251425, 0.04355248, -0.96459703, 0.04410556, 0.04536394, -0.88463359
8, 0.04281312, 0.04388409, -0.97142891, 0.04441134, 0.04574423, -0.89178844
8, 0.04311051, 0.04422106, -0.97834017, 0.04471435, 0.04613035, -0.89902192
8, 0.04340606, 0.04456319, -0.98532966, 0.04501457, 0.04652256, -0.90633249
8, 0.04369956, 0.04491037, -0.99239520, 0.04531193, 0.04692097, -0.91371751
8, 0.04399106, 0.04526290, -0.99953364, 0.04560599, 0.04732528, -0.92117323
8, 0.04428016, 0.04562046, -1.00674179, 0.04589659, 0.04773555, -0.92869584
8, 0.04456681, 0.04598315, -1.01401643, 0.04618339, 0.04815157, -0.93628155
8, 0.04485090, 0.04635107, -1.02135437, 0.04646636, 0.04857350, -0.94392655
8, 0.04513218, 0.04672408, -1.02875241, 0.04674523, 0.04900126, -0.95162706
8, 0.04541053, 0.04710219, -1.03620735, 0.04701961, 0.04943455, -0.95937924
8, 0.04568566, 0.04748525, -1.04371583, 0.04728946, 0.04987353, -0.96717861
8, 0.04595741, 0.04787320, -1.05127436, 0.04755446, 0.05031796, -0.97501986
8, 0.04622562, 0.04826601, -1.05887939, 0.04781430, 0.05076759, -0.98289763
8, 0.04649003, 0.04866353, -1.06652742, 0.04806890, 0.05122258, -0.99080657
8, 0.04675068, 0.04906595, -1.07421492, 0.04831789, 0.05168252, -0.99874133
8, 0.04700716, 0.04947288, -1.08193837, 0.04856110, 0.05214731, -1.00669654
8, 0.04725928, 0.04988422, -1.08969424, 0.04879832, 0.05261682, -1.01466687
8, 0.04750693, 0.05029996, -1.09747902, 0.04902933, 0.05309090, -1.02264695
8, 0.04774993, 0.05071994, -1.10528917, 0.04925386, 0.05356919, -1.03063142
8, 0.04798811, 0.05114410, -1.11312205, 0.04947178, 0.05405167, -1.03861542
8, 0.04822150, 0.05157267, -1.12097843, 0.04968303, 0.05453841, -1.04659599
8, 0.04845010, 0.05200581, -1.12885997, 0.04988750, 0.05502946, -1.05457065
8, 0.04867414, 0.05244422, -1.13676832, 0.05008516, 0.05552507, -1.06253693
8, 0.04889350, 0.05288801, -1.14470513, 0.05027590, 0.05602517, -1.07049237
8, 0.04910829, 0.05333770, -1.15267269, 0.05045969, 0.05653013, -1.07843608
8, 0.04931863, 0.05379400, -1.16067441, 0.05063645, 0.05704025, -1.08636985
8, 0.04952469, 0.05425786, -1.16871381, 0.05080620, 0.05755620, -1.09429579
8, 0.04972650, 0.05473002, -1.17679442, 0.05096884, 0.05807830, -1.10221598
8, 0.04992417, 0.05521153, -1.18491974, 0.05112430, 0.05860715, -1.11013254
8, 0.05011755, 0.05570301, -1.19309330, 0.05127244, 0.05914323, -1.11804754
8, 0.05030662, 0.05620560, -1.20131863, 0.05141310, 0.05968711, -1.12596308
8, 0.05049129, 0.05672039, -1.20959924, 0.05154595, 0.06023896, -1.13388126
8, 0.05067133, 0.05724833, -1.21793865, 0.05167087, 0.06079982, -1.14180418
8, 0.05084652, 0.05779062, -1.22634039, 0.05178748, 0.06136996, -1.14973392
8, 0.05101645, 0.05834818, -1.23480797, 0.05189550, 0.06195015, -1.15767258
8, 0.05118076, 0.05892244, -1.24334299, 0.05199449, 0.06254065, -1.16562226
8, 0.05133845, 0.05951283, -1.25190271, 0.05208372, 0.06313979, -1.17358502
8, 0.05148835, 0.06011806, -1.26040002, 0.05216221, 0.06374304, -1.18156293
8, 0.05162913, 0.06073552, -1.26873140, 0.05222924, 0.06434458, -1.18955766
8, 0.05175945, 0.06136144, -1.27675530, 0.05228431, 0.06493621, -1.19756994
8, 0.05187823, 0.06199190, -1.28432397, 0.05232741, 0.06550880, -1.20560029
8, 0.05198459, 0.06262220, -1.29128971, 0.05235902, 0.06605279, -1.21364929
8, 0.05207799, 0.06324765, -1.29750478, 0.05238027, 0.06655906, -1.22171748
8, 0.05215816, 0.06386334, -1.30282146, 0.05239280, 0.06701766, -1.22980540
8, 0.05222530, 0.06446478, -1.30709201, 0.05239837, 0.06741885, -1.23791362
8, 0.05227973, 0.06504658, -1.31016872, 0.05239992, 0.06773574, -1.24604268
8, 0.05232216, 0.06560354, -1.31190386, 0.05239897, 0.06784215, -1.25419313
8, 0.05235356, 0.06613039, -1.31214971, 0.05239805, 0.06790729, -1.26236553
8, 0.05237518, 0.06662148, -1.31075853, 0.05239751, 0.06785481, -1.27056042
8, 0.05238908, 0.06707166, -1.30758260, 0.05239742, 0.06782974, -1.27877837
8, 0.05239509, 0.06747565, -1.30247419, 0.05239742, 0.06782974, -1.28701990
8, 0.05239742, 0.06782759, -1.29528559, 0.05239742, 0.06782759, -1.29528559
9, 0.02844698, 0.03523678, -0.68859835, 0.02844698, 0.03523678, -0.68859835
9, 0.02841382, 0.03521982, -0.69382740, 0.02853063, 0.03527970, -0.68403800
9, 0.02843259, 0.03522942, -0.69928775, 0.02865903, 0.03534593, -0.68052544
9, 0.02849928, 0.03526359, -0.70495523, 0.02882884, 0.03543420, -0.67799731
9, 0.02861015, 0.03532066, -0.71080570, 0.02903630, 0.03554307, -0.67639026
9, 0.02876177, 0.03539924, -0.71681498, 0.02927835, 0.03567153, -0.67564095
9, 0.02895017, 0.03549772, -0.72295893, 0.02955166, 0.03581851, -0.67568600
9, 0.02917170, 0.03561473, -0.72921339, 0.02985262, 0.03598273, -0.67646208
9, 0.02942273, 0.03574892, -0.73555421, 0.03017788, 0.03616305, -0.67790583
9, 0.02969959, 0.03589892, -0.74195723, 0.03052394, 0.03635820, -0.67995389
9, 0.02999847, 0.03606322, -0.74839829, 0.03088729, 0.03656683, -0.68254292
9, 0.03031564, 0.03624033, -0.75485324, 0.03126492, 0.03678777, -0.68560955
9, 0.03064771, 0.03642883, -0.76129792, 0.03165299, 0.03701930, -0.68909044
9, 0.03099024, 0.03662664, -0.76770817, 0.03204810, 0.03725979, -0.69292223
9, 0.03133983, 0.03683210, -0.77405984, 0.03244661, 0.03750734, -0.69704157
9, 0.03169281, 0.03704332, -0.78032878, 0.03284515, 0.03776004, -0.70138510
9, 0.03204514, 0.03725797, -0.78649083, 0.03323990, 0.03801552, -0.70588948
9, 0.03239320, 0.03747387, -0.79252263, 0.03362762, 0.03827161, -0.71049270
9, 0.03273493, 0.03768963, -0.79841918, 0.03400673, 0.03852707, -0.71516398
9, 0.03307121, 0.03790570, -0.80419388, 0.03437762, 0.03878197, -0.71990373
9, 0.03340179, 0.03812182, -0.80986089, 0.03474088, 0.03903653, -0.72471372
9, 0.03372760, 0.03833848, -0.81543439, 0.03509707, 0.03929096, -0.72959572
9, 0.03404883, 0.03855576, -0.82092856, 0.03544652, 0.03954536, -0.73455150
9, 0.03436564, 0.03877366, -0.82635756, 0.03578998, 0.03980013, -0.73958283
9, 0.03467876, 0.03899265, -0.83173559, 0.03612784, 0.04005544, -0.74469149
9, 0.03498854, 0.03921292, -0.83707681, 0.03646071, 0.04031167, -0.74987924
9, 0.03529505, 0.03943450, -0.84239540, 0.03678918, 0.04056922, -0.75514785
9, 0.03559916, 0.03965800, -0.84770554, 0.03711370, 0.04082837, -0.76049910
9, 0.03590080, 0.03988335, -0.85302139, 0.03743472, 0.04108946, -0.76593476
9, 0.03620088, 0.04011126, -0.85835715, 0.03775300, 0.04135312, -0.77145660
9, 0.03649932, 0.04034171, -0.86372698, 0.03806885, 0.04161961, -0.77706639
9, 0.03679662, 0.04057511, -0.86914506, 0.03838298, 0.04188961, -0.78276589
9, 0.03709348, 0.04081208, -0.87462557, 0.03869564, 0.04216338, -0.78855689
9, 0.03739005, 0.04105284, -0.88018268, 0.03900764, 0.04244178, -0.79444114
9, 0.03768649, 0.04129762, -0.88582807, 0.03931941, 0.04272530, -0.80041994
9, 0.03798292, 0.04154662, -0.89156349, 0.03963057, 0.04301380, -0.80649263
9, 0.03827932, 0.04179995, -0.89738818, 0.03994134, 0.04330762, -0.81265805
9, 0.03857568, 0.04205773, -0.90330139, 0.04025144, 0.04360667, -0.81891505
9, 0.03887162, 0.04231976, -0.90930235, 0.04056064, 0.04391094, -0.82526249
9, 0.03916721, 0.04258621, -0.91539032, 0.04086905, 0.04422067, -0.83169921
9, 0.03946236, 0.04285715, -0.92156454, 0.04117629, 0.04453570, -0.83822407
9, 0.03975701, 0.04313264, -0.92782426, 0.04148226, 0.04485611, -0.84483592
9, 0.04005091, 0.04341260, -0.93416871, 0.04178694, 0.04518208, -0.85153360
9, 0.04034415, 0.04369726, -0.94059715, 0.04208994, 0.04551336, -0.85831598
9, 0.04063618, 0.04398621, -0.94710883, 0.04239133, 0.04585028, -0.86518189
9, 0.04092749, 0.04428009, -0.95370298, 0.04269079, 0.04619265, -0.87213020
9, 0.04121746, 0.04457842, -0.96037886, 0.04298831, 0.04654069, -0.87915974
9, 0.04150630, 0.04488158, -0.96713570, 0.04328333, 0.04689397, -0.88626938
9, 0.04179369, 0.04518937, -0.97397276, 0.04357630, 0.04725322, -0.89345796
9, 0.04207972, 0.04550207, -0.98088927, 0.04386640, 0.04761769, -0.90072433
9, 0.04236403, 0.04581945, -0.98788443, 0.04415376, 0.04798777, -0.90806728
9, 0.04264651, 0.04614153, -0.99495597, 0.04443827, 0.04836355, -0.91548399
9, 0.04292708, 0.04646841, -1.00210021, 0.04471958, 0.04874478, -0.92297003
9, 0.04320549, 0.04679994, -1.00931338, 0.04499753, 0.04913154, -0.93052093
9, 0.04348173, 0.04713630, -1.01659174, 0.04527174, 0.04952353, -0.93813219
9, 0.04375552, 0.04747734, -1.02393152, 0.04554215, 0.04992086, -0.94579934
9, 0.04402680, 0.04782313, -1.03132896, 0.04580860, 0.05032357, -0.95351789
9, 0.04429542, 0.04817365, -1.03878032, 0.04607069, 0.05073133, -0.96128334
9, 0.04456106, 0.04852873, -1.04628183, 0.04632840, 0.05114432, -0.96909121
9, 0.04482359, 0.04888832, -1.05382975, 0.04658143, 0.05156231, -0.97693703
9, 0.04508290, 0.04925243, -1.06142030, 0.04682944, 0.05198501, -0.98481629
9, 0.04533878, 0.04962100, -1.06904975, 0.04707236, 0.05241253, -0.99272452
9, 0.04559118, 0.04999412, -1.07671432, 0.04730994, 0.05284467, -1.00065722
9, 0.04583977, 0.05037144, -1.08441027, 0.04754192, 0.05328115, -1.00860992
9, 0.04608449, 0.05075313, -1.09213384, 0.04776811, 0.05372189, -1.01657813
9, 0.04632505, 0.05113889, -1.09988127, 0.04798834, 0.05416680, -1.02455735
9, 0.04656138, 0.05152871, -1.10764881, 0.04820230, 0.05461545, -1.03254311
9, 0.04679335, 0.05192267, -1.11543394, 0.04841002, 0.05506803, -1.04053161
9, 0.04702115, 0.05232126, -1.12323915, 0.04861142, 0.05552467, -1.04852184
9, 0.04724485, 0.05272481, -1.13106816, 0.04880636, 0.05598540, -1.05651347
9, 0.04746477, 0.05313429, -1.13892469, 0.04899508, 0.05645103, -1.06450619
9, 0.04768086, 0.05355005, -1.14681247, 0.04917732, 0.05692133, -1.07249968
9, 0.04789339, 0.05397300, -1.15473522, 0.04935320, 0.05739699, -1.08049362
9, 0.04810230, 0.05440360, -1.16269667, 0.04952256, 0.05787821, -1.08848768
9, 0.04830773, 0.05484290, -1.17070053, 0.04968538, 0.05836564, -1.09648154
9, 0.04850957, 0.05529145, -1.17875055, 0.04984144, 0.05885933, -1.10447489
9, 0.04870795, 0.05575044, -1.18685043, 0.04999072, 0.05935998, -1.11246741
9, 0.04890265, 0.05622040, -1.19500391, 0.05013299, 0.05986783, -1.12045877
9, 0.04909350, 0.05670226, -1.20321470, 0.05026811, 0.06038360, -1.12844866
9, 0.04928033, 0.05719710, -1.21148654, 0.05039568, 0.06090721, -1.13643675
9, 0.04946287, 0.05770585, -1.21982315, 0.05051553, 0.06143954, -1.14442272
9, 0.04964076, 0.05822951, -1.22822825, 0.05062730, 0.06198089, -1.15240626
9, 0.04981360, 0.05876921, -1.23670556, 0.05073069, 0.06253190, -1.16038704
9, 0.04998087, 0.05932601, -1.24525603, 0.05082520, 0.06309262, -1.16836474
9, 0.05014131, 0.05989862, -1.25381646, 0.05090998, 0.06366036, -1.17633902
9, 0.05029336, 0.06048430, -1.26225955, 0.05098383, 0.06422814, -1.18430949
9, 0.05043557, 0.06107972, -1.27045518, 0.05104607, 0.06478867, -1.19227579
9, 0.05056665, 0.06168116, -1.27827328, 0.05109656, 0.06533457, -1.20023753
9, 0.05068566, 0.06228502, -1.28558373, 0.05113562, 0.06585809, -1.20819433
9, 0.05079186, 0.06288725, -1.29225643, 0.05116395, 0.06635108, -1.21614582
9, 0.05088481, 0.06348359, -1.29816129, 0.05118275, 0.06680583, -1.22409162
9, 0.05096438, 0.06406950, -1.30316820, 0.05119375, 0.06721362, -1.23203136
9, 0.05103080, 0.06464099, -1.30714707, 0.05119856, 0.06756665, -1.23996465
9, 0.05108451, 0.06519307, -1.30996780, 0.05120004, 0.06783141, -1.24789112
9, 0.05112627, 0.06572104, -1.31150029, 0.05120004, 0.06783141, -1.25581039
9, 0.05115709, 0.06622013, -1.31161443, 0.05120004, 0.06783141, -1.26372209
9, 0.05117827, 0.06668516, -1.31018013, 0.05120004, 0.06783141, -1.27162584
9, 0.05119186, 0.06711137, -1.30706729, 0.05120004, 0.06783141, -1.27952126
9, 0.05119775, 0.06749426, -1.30214581, 0.05120004, 0.06783141, -1.28740797
9, 0.05120004, 0.06782839, -1.29528559, 0.05120004, 0.06782839, -1.29528559
