span_index,ss_mp,ss_theta,ps_mp,ps_theta
0, 2.62115163, -0.68470814, 2.62115163, -0.68470814
0, 2.62202385, -0.70442059, 2.62537572, -0.66550392
0, 2.62795041, -0.72143486, 2.63416904, -0.64996389
0, 2.63848473, -0.73597220, 2.64712460, -0.63779115
0, 2.65318021, -0.74825387, 2.66383541, -0.62868881
0, 2.67159023, -0.75850112, 2.68389447, -0.62235997
0, 2.69326822, -0.76693520, 2.70689480, -0.61850774
0, 2.71776756, -0.77377738, 2.73242941, -0.61683521
0, 2.74464166, -0.77924891, 2.76009130, -0.61704551
0, 2.77344393, -0.78357103, 2.78947350, -0.61884172
0, 2.80372775, -0.78696500, 2.82016901, -0.62192695
0, 2.83504655, -0.78965208, 2.85177084, -0.62600431
0, 2.86695371, -0.79185352, 2.88387200, -0.63077689
0, 2.89900264, -0.79379057, 2.91606550, -0.63594781
0, 2.93074674, -0.79568450, 2.94794436, -0.64122017
0, 2.96179266, -0.79773245, 2.97915045, -0.64633069
0, 2.99207563, -0.79998289, 3.00962726, -0.65122366
0, 3.02165609, -0.80242763, 3.03943322, -0.65592242
0, 3.05059474, -0.80505836, 3.06862698, -0.66045050
0, 3.07895228, -0.80786677, 3.09726719, -0.66483141
0, 3.10678940, -0.81084454, 3.12541251, -0.66908867
0, 3.13416679, -0.81398336, 3.15312158, -0.67324580
0, 3.16114516, -0.81727494, 3.18045306, -0.67732630
0, 3.18778520, -0.82071095, 3.20746559, -0.68135370
0, 3.21414760, -0.82428308, 3.23421784, -0.68535151
0, 3.24029306, -0.82798303, 3.26076846, -0.68934324
0, 3.26628228, -0.83180248, 3.28717608, -0.69335242
0, 3.29217595, -0.83573313, 3.31349938, -0.69740256
0, 3.31803477, -0.83976667, 3.33979700, -0.70151718
0, 3.34391551, -0.84389533, 3.36612379, -0.70571842
0, 3.36983645, -0.84811684, 3.39249733, -0.71001493
0, 3.39579402, -0.85243198, 3.41891401, -0.71440772
0, 3.42178438, -0.85684161, 3.44536999, -0.71889770
0, 3.44780371, -0.86134657, 3.47186145, -0.72348578
0, 3.47384817, -0.86594769, 3.49838452, -0.72817289
0, 3.49991395, -0.87064582, 3.52493538, -0.73295993
0, 3.52599721, -0.87544179, 3.55151018, -0.73784782
0, 3.55209413, -0.88033646, 3.57810509, -0.74283747
0, 3.57820087, -0.88533066, 3.60471626, -0.74792979
0, 3.60431362, -0.89042523, 3.63133984, -0.75312571
0, 3.63042853, -0.89562102, 3.65797201, -0.75842613
0, 3.65654179, -0.90091886, 3.68460892, -0.76383197
0, 3.68264957, -0.90631959, 3.71124673, -0.76934414
0, 3.70874798, -0.91182404, 3.73788155, -0.77496353
0, 3.73483228, -0.91743249, 3.76450863, -0.78069053
0, 3.76089697, -0.92314483, 3.79112252, -0.78652512
0, 3.78693657, -0.92896093, 3.81771773, -0.79246728
0, 3.81294556, -0.93488065, 3.84428880, -0.79851697
0, 3.83891845, -0.94090387, 3.87083025, -0.80467418
0, 3.86484973, -0.94703045, 3.89733660, -0.81093886
0, 3.89073391, -0.95326025, 3.92380238, -0.81731099
0, 3.91656547, -0.95959315, 3.95022210, -0.82379055
0, 3.94233892, -0.96602901, 3.97659029, -0.83037751
0, 3.96804876, -0.97256771, 4.00290148, -0.83707183
0, 3.99368947, -0.97920910, 4.02915018, -0.84387348
0, 4.01925557, -0.98595305, 4.05533093, -0.85078245
0, 4.04474155, -0.99279944, 4.08143824, -0.85779870
0, 4.07014193, -0.99974803, 4.10746659, -0.86492227
0, 4.09545191, -1.00679513, 4.13340862, -0.87215536
0, 4.12066755, -1.01393292, 4.15925481, -0.87950278
0, 4.14578494, -1.02115332, 4.18499549, -0.88696952
0, 4.17080017, -1.02844825, 4.21062100, -0.89456052
0, 4.19570935, -1.03580964, 4.23612168, -0.90228078
0, 4.22050856, -1.04322941, 4.26148787, -0.91013524
0, 4.24519391, -1.05069949, 4.28670990, -0.91812890
0, 4.26976148, -1.05821179, 4.31177811, -0.92626670
0, 4.29420737, -1.06575825, 4.33668284, -0.93455363
0, 4.31852769, -1.07333078, 4.36141443, -0.94299465
0, 4.34271851, -1.08092131, 4.38596322, -0.95159474
0, 4.36677595, -1.08852176, 4.41031954, -0.96035885
0, 4.39069609, -1.09612406, 4.43447372, -0.96929197
0, 4.41447517, -1.10372028, 4.45841633, -0.97839907
0, 4.43812185, -1.11131624, 4.48215633, -0.98768583
0, 4.46166669, -1.11894195, 4.50573513, -0.99715919
0, 4.48514245, -1.12662988, 4.52919748, -1.00682619
0, 4.50858191, -1.13441249, 4.55258808, -1.01669389
0, 4.53201785, -1.14232226, 4.57595167, -1.02676935
0, 4.55548304, -1.15039165, 4.59933297, -1.03705963
0, 4.57901025, -1.15865314, 4.62277671, -1.04757177
0, 4.60263227, -1.16713919, 4.64632762, -1.05831283
0, 4.62638186, -1.17588227, 4.67003041, -1.06928987
0, 4.65029181, -1.18491485, 4.69392982, -1.08050995
0, 4.67439488, -1.19426941, 4.71807056, -1.09198011
0, 4.69872386, -1.20397841, 4.74249737, -1.10370741
0, 4.72331151, -1.21407431, 4.76725497, -1.11569892
0, 4.74819049, -1.22458946, 4.79238788, -1.12796164
0, 4.77332559, -1.23548353, 4.81783968, -1.14048333
0, 4.79850362, -1.24652563, 4.84328900, -1.15320122
0, 4.82348256, -1.25745397, 4.86837157, -1.16604432
0, 4.84802035, -1.26800675, 4.89272308, -1.17894168
0, 4.87187497, -1.27792219, 4.91597927, -1.19182232
0, 4.89480439, -1.28693849, 4.93777583, -1.20461526
0, 4.91656655, -1.29479388, 4.95774850, -1.21724955
0, 4.93691944, -1.30122656, 4.97553297, -1.22965421
0, 4.95562101, -1.30597474, 4.99076498, -1.24175827
0, 4.97242923, -1.30877664, 5.00308022, -1.25349076
0, 4.98710207, -1.30937046, 5.01211442, -1.26478070
0, 4.99939748, -1.30749442, 5.01750328, -1.27555714
0, 5.00907343, -1.30288673, 5.01888253, -1.28574909
0, 5.01588788, -1.29528559, 5.01588788, -1.29528559
1, 2.30260532, -0.68545437, 2.30260532, -0.68545437
1, 2.30284729, -0.70330775, 2.30686228, -0.66816581
1, 2.30763553, -0.71883307, 2.31506618, -0.65427716
1, 2.31656703, -0.73221988, 2.32686307, -0.64351227
1, 2.32923876, -0.74365772, 2.34189900, -0.63559496
1, 2.34524771, -0.75333611, 2.35982001, -0.63024907
1, 2.36419084, -0.76144460, 2.38027216, -0.62719842
1, 2.38566514, -0.76817273, 2.40290149, -0.62616685
1, 2.40926758, -0.77371003, 2.42735406, -0.62687819
1, 2.43459515, -0.77824604, 2.45327590, -0.62905628
1, 2.46124482, -0.78197030, 2.48031309, -0.63242493
1, 2.48881356, -0.78507235, 2.50811165, -0.63670799
1, 2.51689837, -0.78774172, 2.53631764, -0.64162928
1, 2.54509620, -0.79016796, 2.56457711, -0.64691264
1, 2.57300406, -0.79254059, 2.59253612, -0.65228190
1, 2.60026810, -0.79502906, 2.61988443, -0.65749278
1, 2.62683815, -0.79767883, 2.64658178, -0.66249779
1, 2.65277950, -0.80048802, 2.67269049, -0.66732433
1, 2.67815213, -0.80345307, 2.69826780, -0.67199723
1, 2.70301052, -0.80656885, 2.72336560, -0.67653866
1, 2.72740891, -0.80983013, 2.74803555, -0.68097063
1, 2.75140152, -0.81323172, 2.77232932, -0.68531518
1, 2.77504259, -0.81676839, 2.79629858, -0.68959434
1, 2.79838635, -0.82043495, 2.81999499, -0.69383015
1, 2.82148704, -0.82422617, 2.84347021, -0.69804462
1, 2.84439889, -0.82813684, 2.86677591, -0.70225979
1, 2.86717613, -0.83216176, 2.88996376, -0.70649770
1, 2.88987299, -0.83629572, 2.91308542, -0.71078037
1, 2.91254371, -0.84053349, 2.93619255, -0.71512983
1, 2.93523894, -0.84487017, 2.95933337, -0.71956682
1, 2.95797427, -0.84930359, 2.98252221, -0.72409922
1, 2.98074534, -0.85383320, 3.00575416, -0.72872767
1, 3.00354759, -0.85845844, 3.02902407, -0.73345272
1, 3.02637645, -0.86317878, 3.05232682, -0.73827490
1, 3.04922754, -0.86799388, 3.07565757, -0.74319480
1, 3.07209738, -0.87290426, 3.09901262, -0.74821318
1, 3.09498267, -0.87791068, 3.12238858, -0.75333083
1, 3.11788011, -0.88301387, 3.14578205, -0.75854854
1, 3.14078641, -0.88821457, 3.16918962, -0.76386711
1, 3.16369827, -0.89351354, 3.19260791, -0.76928734
1, 3.18661242, -0.89891151, 3.21603351, -0.77481002
1, 3.20952555, -0.90440922, 3.23946302, -0.78043595
1, 3.23243436, -0.91000743, 3.26289305, -0.78616592
1, 3.25533553, -0.91570682, 3.28632014, -0.79200068
1, 3.27822492, -0.92150738, 3.30974008, -0.79794026
1, 3.30109774, -0.92740849, 3.33314797, -0.80398403
1, 3.32394918, -0.93340950, 3.35653894, -0.81013139
1, 3.34677444, -0.93950977, 3.37990808, -0.81638172
1, 3.36956870, -0.94570866, 3.40325049, -0.82273438
1, 3.39232716, -0.95200553, 3.42656128, -0.82918877
1, 3.41504502, -0.95839974, 3.44983555, -0.83574427
1, 3.43771748, -0.96489078, 3.47306844, -0.84240040
1, 3.46033979, -0.97147827, 3.49625510, -0.84915682
1, 3.48290720, -0.97816182, 3.51939071, -0.85601320
1, 3.50541495, -0.98494104, 3.54247042, -0.86296922
1, 3.52785827, -0.99181557, 3.56548940, -0.87002453
1, 3.55023242, -0.99878501, 3.58844280, -0.87717880
1, 3.57253265, -1.00584890, 3.61132575, -0.88443174
1, 3.59475458, -1.01300395, 3.63413198, -0.89178406
1, 3.61689431, -1.02024349, 3.65685351, -0.89923767
1, 3.63894795, -1.02756062, 3.67948230, -0.90679458
1, 3.66091159, -1.03494848, 3.70201028, -0.91445680
1, 3.68278137, -1.04240017, 3.72442938, -0.92222631
1, 3.70455338, -1.04990881, 3.74673155, -0.93010513
1, 3.72622374, -1.05746752, 3.76890873, -0.93809524
1, 3.74778856, -1.06506942, 3.79095285, -0.94619866
1, 3.76924395, -1.07270763, 3.81285585, -0.95441738
1, 3.79058581, -1.08037515, 3.83460954, -0.96275334
1, 3.81180919, -1.08806456, 3.85620513, -0.97120824
1, 3.83290893, -1.09576833, 3.87763372, -0.97978372
1, 3.85387986, -1.10347894, 3.89888639, -0.98848142
1, 3.87471696, -1.11118898, 3.91995440, -0.99730301
1, 3.89542733, -1.11890238, 3.94084498, -1.00625224
1, 3.91603946, -1.12664297, 3.96159340, -1.01533658
1, 3.93658399, -1.13443664, 3.98223784, -1.02456384
1, 3.95709158, -1.14230926, 4.00281644, -1.03394187
1, 3.97759287, -1.15028672, 4.02336736, -1.04347849
1, 3.99811852, -1.15839488, 4.04392875, -1.05318154
1, 4.01869918, -1.16665963, 4.06453877, -1.06305883
1, 4.03936551, -1.17510685, 4.08523558, -1.07311822
1, 4.06014815, -1.18376241, 4.10605732, -1.08336752
1, 4.08107775, -1.19265220, 4.12704216, -1.09381456
1, 4.10218498, -1.20180208, 4.14822824, -1.10446719
1, 4.12350060, -1.21123817, 4.16965394, -1.11533322
1, 4.14505837, -1.22099215, 4.19136233, -1.12642050
1, 4.16689487, -1.23110106, 4.21340104, -1.13773682
1, 4.18898599, -1.24153123, 4.23572513, -1.14927464
1, 4.21114796, -1.25206268, 4.25804616, -1.16098614
1, 4.23317115, -1.26244527, 4.28003625, -1.17281696
1, 4.25484592, -1.27242885, 4.30136753, -1.18471274
1, 4.27596264, -1.28176326, 4.32171210, -1.19661913
1, 4.29631168, -1.29019835, 4.34074209, -1.20848178
1, 4.31568340, -1.29748397, 4.35812962, -1.22024632
1, 4.33386817, -1.30336998, 4.37354681, -1.23185842
1, 4.35065636, -1.30760622, 4.38666577, -1.24326370
1, 4.36583833, -1.30994253, 4.39715862, -1.25440783
1, 4.37920444, -1.31012878, 4.40469748, -1.26523643
1, 4.39054507, -1.30791481, 4.40895448, -1.27569516
1, 4.39965058, -1.30305046, 4.40960172, -1.28572967
1, 4.40631133, -1.29528559, 4.40631133, -1.29528559
2, 2.01756688, -0.68612210, 2.01756688, -0.68612210
2, 2.01728263, -0.70217886, 2.02180528, -0.67067706
2, 2.02106904, -0.71626654, 2.02943650, -0.65836105
2, 2.02856485, -0.72854407, 2.04015461, -0.64891995
2, 2.03940880, -0.73917038, 2.05365367, -0.64209962
2, 2.05323961, -0.74830441, 2.06962775, -0.63764592
2, 2.06969603, -0.75610509, 2.08777092, -0.63530472
2, 2.08841678, -0.76273135, 2.10777723, -0.63482188
2, 2.10904060, -0.76834213, 2.12934076, -0.63594327
2, 2.13120622, -0.77309637, 2.15215557, -0.63841475
2, 2.15455237, -0.77715298, 2.17591572, -0.64198219
2, 2.17871780, -0.78067092, 2.20031529, -0.64639145
2, 2.20334122, -0.78380911, 2.22504834, -0.65138840
2, 2.22806139, -0.78672648, 2.24980893, -0.65671889
2, 2.25251702, -0.78958197, 2.27429112, -0.66212880
2, 2.27639154, -0.79251809, 2.29822753, -0.66739363
2, 2.29964418, -0.79557601, 2.32158852, -0.67247188
2, 2.32233892, -0.79875817, 2.34443476, -0.67739159
2, 2.34453205, -0.80206468, 2.36681949, -0.68217710
2, 2.36627199, -0.80549338, 2.38878835, -0.68684887
2, 2.38760681, -0.80904201, 2.41038663, -0.69142724
2, 2.40858459, -0.81270829, 2.43165963, -0.69593250
2, 2.42925339, -0.81648998, 2.45265265, -0.70038497
2, 2.44966129, -0.82038480, 2.47341100, -0.70480496
2, 2.46985635, -0.82439049, 2.49397997, -0.70921279
2, 2.48988666, -0.82850481, 2.51440486, -0.71362876
2, 2.50980027, -0.83272547, 2.53473097, -0.71807320
2, 2.52964526, -0.83705022, 2.55500361, -0.72256641
2, 2.54946970, -0.84147680, 2.57526808, -0.72712870
2, 2.56931847, -0.84600301, 2.59556658, -0.73177918
2, 2.58920496, -0.85062727, 2.61591103, -0.73652498
2, 2.60912474, -0.85534836, 2.63629614, -0.74136648
2, 2.62907315, -0.86016507, 2.65671641, -0.74630396
2, 2.64904553, -0.86507617, 2.67716635, -0.75133772
2, 2.66903755, -0.87008076, 2.69764089, -0.75646810
2, 2.68904607, -0.87517914, 2.71813659, -0.76169569
2, 2.70906827, -0.88037196, 2.73865046, -0.76702114
2, 2.72910133, -0.88565983, 2.75917946, -0.77244511
2, 2.74914241, -0.89104338, 2.77972059, -0.77796823
2, 2.76918869, -0.89652324, 2.80027083, -0.78359116
2, 2.78923736, -0.90210003, 2.82082718, -0.78931455
2, 2.80928558, -0.90777437, 2.84138660, -0.79513904
2, 2.82933052, -0.91354689, 2.86194610, -0.80106529
2, 2.84936934, -0.91941817, 2.88250262, -0.80709390
2, 2.86939844, -0.92538790, 2.90305239, -0.81322453
2, 2.88941368, -0.93145507, 2.92359107, -0.81945613
2, 2.90941088, -0.93761865, 2.94411431, -0.82578760
2, 2.92938586, -0.94387758, 2.96461773, -0.83221784
2, 2.94933446, -0.95023083, 2.98509698, -0.83874575
2, 2.96925249, -0.95667736, 3.00554769, -0.84537025
2, 2.98913579, -0.96321614, 3.02596551, -0.85209023
2, 3.00898021, -0.96984631, 3.04634611, -0.85890482
2, 3.02878166, -0.97656719, 3.06668522, -0.86581332
2, 3.04853603, -0.98337811, 3.08697855, -0.87281505
2, 3.06823922, -0.99027841, 3.10722184, -0.87990931
2, 3.08788712, -0.99726741, 3.12741080, -0.88709544
2, 3.10747565, -1.00434445, 3.14754115, -0.89437275
2, 3.12700070, -1.01150878, 3.16760860, -0.90174055
2, 3.14645829, -1.01875742, 3.18760778, -0.90919824
2, 3.16584459, -1.02608466, 3.20753212, -0.91674534
2, 3.18515577, -1.03348463, 3.22737495, -0.92438135
2, 3.20438801, -1.04095147, 3.24712961, -0.93210578
2, 3.22353749, -1.04847931, 3.26678943, -0.93991814
2, 3.24260038, -1.05606227, 3.28634775, -0.94781795
2, 3.26157285, -1.06369451, 3.30579791, -0.95580471
2, 3.28045109, -1.07137013, 3.32513324, -0.96387793
2, 3.29923126, -1.07908329, 3.34434708, -0.97203712
2, 3.31790924, -1.08682795, 3.36343257, -0.98028171
2, 3.33647968, -1.09459749, 3.38238202, -0.98861079
2, 3.35493695, -1.10238510, 3.40118755, -0.99702333
2, 3.37327539, -1.11018401, 3.41984128, -1.00551835
2, 3.39148950, -1.11798752, 3.43833548, -1.01409487
2, 3.40958533, -1.12579806, 3.45667600, -1.02275505
2, 3.42758930, -1.13363414, 3.47489258, -1.03150652
2, 3.44552992, -1.14151589, 3.49301743, -1.04035751
2, 3.46343570, -1.14946345, 3.51108271, -1.04931622
2, 3.48133512, -1.15749695, 3.52912063, -1.05839085
2, 3.49925670, -1.16563653, 3.54716337, -1.06758961
2, 3.51722893, -1.17390233, 3.56524311, -1.07692071
2, 3.53528032, -1.18231447, 3.58339204, -1.08639237
2, 3.55343937, -1.19089310, 3.60164236, -1.09601278
2, 3.57173459, -1.19965835, 3.62002624, -1.10579015
2, 3.59019447, -1.20863036, 3.63857588, -1.11573269
2, 3.60884770, -1.21782960, 3.65732376, -1.12584861
2, 3.62772721, -1.22728447, 3.67630910, -1.13614613
2, 3.64687004, -1.23703116, 3.69557773, -1.14663342
2, 3.66625973, -1.24703844, 3.71509190, -1.15730680
2, 3.68573886, -1.25709735, 3.73459385, -1.16813140
2, 3.70512719, -1.26697013, 3.75379015, -1.17906726
2, 3.72424448, -1.27641902, 3.77238736, -1.19007448
2, 3.74291048, -1.28520626, 3.79009206, -1.20111311
2, 3.76094495, -1.29309406, 3.80661083, -1.21214322
2, 3.77816764, -1.29984469, 3.82165024, -1.22312488
2, 3.79439831, -1.30522036, 3.83491686, -1.23401815
2, 3.80945671, -1.30898331, 3.84611726, -1.24478311
2, 3.82316260, -1.31089578, 3.85495803, -1.25537983
2, 3.83533573, -1.31072001, 3.86114572, -1.26576837
2, 3.84579585, -1.30821823, 3.86438692, -1.27590880
2, 3.85436273, -1.30315268, 3.86438819, -1.28576118
2, 3.86085612, -1.29528559, 3.86085612, -1.29528559
3, 1.76603632, -0.68671134, 1.76603632, -0.68671134
3, 1.76532987, -0.70103393, 1.77020473, -0.67303767
3, 1.76825094, -0.71373525, 1.77728001, -0.66221555
3, 1.77447820, -0.72494474, 1.78699923, -0.65401419
3, 1.78369031, -0.73479185, 1.79909944, -0.64820278
3, 1.79556595, -0.74340601, 1.81331770, -0.64455052
3, 1.80978378, -0.75091666, 1.82939108, -0.64282663
3, 1.82602248, -0.75745325, 1.84705663, -0.64280031
3, 1.84396071, -0.76314521, 1.86605141, -0.64424075
3, 1.86327713, -0.76812200, 1.88611249, -0.64691715
3, 1.88365042, -0.77251304, 1.90697692, -0.65059874
3, 1.90475925, -0.77644779, 1.92838177, -0.65505470
3, 1.92628228, -0.78005568, 1.95006409, -0.66005423
3, 1.94789819, -0.78346615, 1.97176094, -0.66536655
3, 1.96928563, -0.78680865, 1.99320939, -0.67076086
3, 1.99016300, -0.79019953, 2.01417973, -0.67603326
3, 2.01049373, -0.79367442, 2.03464748, -0.68114594
3, 2.03033436, -0.79723809, 2.05466602, -0.68612423
3, 2.04973451, -0.80089320, 2.07428206, -0.69099010
3, 2.06873669, -0.80464038, 2.09353544, -0.69576207
3, 2.08738312, -0.80848016, 2.11246574, -0.70045850
3, 2.10571601, -0.81241308, 2.13111249, -0.70509774
3, 2.12377757, -0.81643968, 2.14951527, -0.70969817
3, 2.14161001, -0.82056050, 2.16771363, -0.71427814
3, 2.15925554, -0.82477607, 2.18574712, -0.71885601
3, 2.17675636, -0.82908692, 2.20365530, -0.72345015
3, 2.19415470, -0.83349360, 2.22147774, -0.72807892
3, 2.21149276, -0.83799665, 2.23925398, -0.73276068
3, 2.22881276, -0.84259659, 2.25702359, -0.73751378
3, 2.24615409, -0.84729386, 2.27482342, -0.74235550
3, 2.26352853, -0.85208788, 2.29266378, -0.74729221
3, 2.28093221, -0.85697747, 2.31053995, -0.75232413
3, 2.29836104, -0.86196148, 2.32844701, -0.75745143
3, 2.31581097, -0.86703873, 2.34638003, -0.76267424
3, 2.33327820, -0.87220832, 2.36433448, -0.76799278
3, 2.35076003, -0.87747046, 2.38230731, -0.77340747
3, 2.36825403, -0.88282565, 2.40029582, -0.77891877
3, 2.38575779, -0.88827436, 2.41829733, -0.78452717
3, 2.40326888, -0.89381710, 2.43630915, -0.79023315
3, 2.42078487, -0.89945434, 2.45432860, -0.79603717
3, 2.43830335, -0.90518658, 2.47235300, -0.80193971
3, 2.45582188, -0.91101429, 2.49037966, -0.80794125
3, 2.47333805, -0.91693798, 2.50840589, -0.81404226
3, 2.49084939, -0.92295807, 2.52642898, -0.82024316
3, 2.50835284, -0.92907403, 2.54444557, -0.82654336
3, 2.52584479, -0.93528458, 2.56245182, -0.83294143
3, 2.54332166, -0.94158837, 2.58044384, -0.83943591
3, 2.56077984, -0.94798409, 2.59841777, -0.84602535
3, 2.57821572, -0.95447039, 2.61636973, -0.85270829
3, 2.59562572, -0.96104595, 2.63429585, -0.85948329
3, 2.61300622, -0.96770945, 2.65219226, -0.86634889
3, 2.63035367, -0.97445972, 2.67005512, -0.87330382
3, 2.64766452, -0.98129577, 2.68788064, -0.88034701
3, 2.66493523, -0.98821659, 2.70566501, -0.88747735
3, 2.68216228, -0.99522120, 2.72340445, -0.89469378
3, 2.69934213, -1.00230858, 2.74109514, -0.90199520
3, 2.71647124, -1.00947776, 2.75873331, -0.90938053
3, 2.73354607, -1.01672768, 2.77631511, -0.91684868
3, 2.75056302, -1.02405554, 2.79383603, -0.92439791
3, 2.76751837, -1.03145644, 2.81129062, -0.93202579
3, 2.78440841, -1.03892534, 2.82867343, -0.93972981
3, 2.80122943, -1.04645723, 2.84597899, -0.94750747
3, 2.81797771, -1.05404705, 2.86320183, -0.95535627
3, 2.83464956, -1.06168980, 2.88033647, -0.96327371
3, 2.85124124, -1.06938043, 2.89737744, -0.97125728
3, 2.86774905, -1.07711392, 2.91431929, -0.97930450
3, 2.88416929, -1.08488523, 2.93115653, -0.98741286
3, 2.90049796, -1.09268920, 2.94788352, -0.99557978
3, 2.91672998, -1.10052010, 2.96449387, -1.00380238
3, 2.93286001, -1.10837208, 2.98098102, -1.01207769
3, 2.94888269, -1.11623926, 2.99733839, -1.02040275
3, 2.96479280, -1.12411588, 3.01355956, -1.02877465
3, 2.98059585, -1.13200329, 3.02964938, -1.03719424
3, 2.99631622, -1.13991546, 3.04563267, -1.04566902
3, 3.01198025, -1.14786764, 3.06153623, -1.05420719
3, 3.02761427, -1.15587506, 3.07738690, -1.06281693
3, 3.04324460, -1.16395297, 3.09321148, -1.07150642
3, 3.05889756, -1.17211661, 3.10903682, -1.08028385
3, 3.07459949, -1.18038122, 3.12488972, -1.08915741
3, 3.09037671, -1.18876205, 3.14079702, -1.09813528
3, 3.10625554, -1.19727434, 3.15678553, -1.10722565
3, 3.12226232, -1.20593332, 3.17288208, -1.11643670
3, 3.13842336, -1.21475426, 3.18911348, -1.12577662
3, 3.15476517, -1.22375268, 3.20550683, -1.13525359
3, 3.17131804, -1.23295129, 3.22209529, -1.14487581
3, 3.18811600, -1.24237974, 3.23891795, -1.15465145
3, 3.20514681, -1.25200515, 3.25594001, -1.16457982
3, 3.22227633, -1.26162963, 3.27293209, -1.17463699
3, 3.23935069, -1.27102855, 3.28963325, -1.18479525
3, 3.25621604, -1.27997728, 3.30578258, -1.19502690
3, 3.27271850, -1.28825119, 3.32111915, -1.20530425
3, 3.28870420, -1.29562564, 3.33538205, -1.21559959
3, 3.30401928, -1.30187602, 3.34831035, -1.22588521
3, 3.31850986, -1.30677769, 3.35964313, -1.23613342
3, 3.33202207, -1.31010602, 3.36911946, -1.24631650
3, 3.34440205, -1.31163639, 3.37647843, -1.25640677
3, 3.35549592, -1.31114415, 3.38145912, -1.26637652
3, 3.36514982, -1.30840470, 3.38380059, -1.27619804
3, 3.37320988, -1.30319339, 3.38324194, -1.28584363
3, 3.37952223, -1.29528559, 3.37952223, -1.29528559
4, 1.54801364, -0.68722208, 1.54801364, -0.68722208
4, 1.54698901, -0.69987295, 1.55206062, -0.67524765
4, 1.54918123, -0.71123921, 1.55859671, -0.66584067
4, 1.55430706, -0.72142192, 1.56739692, -0.65879498
4, 1.56208330, -0.73052213, 1.57823629, -0.65390444
4, 1.57222672, -0.73864091, 1.59088985, -0.65096288
4, 1.58445410, -0.74587932, 1.60513264, -0.64976416
4, 1.59848224, -0.75233842, 1.62073968, -0.65010212
4, 1.61402791, -0.75811927, 1.63748601, -0.65177061
4, 1.63080789, -0.76332293, 1.65514667, -0.65456348
4, 1.64853897, -0.76805047, 1.67349668, -0.65827456
4, 1.66693793, -0.77240295, 1.69231107, -0.66269772
4, 1.68572155, -0.77648143, 1.71136489, -0.66762679
4, 1.70460661, -0.78038696, 1.73043315, -0.67285563
4, 1.72330990, -0.78422061, 1.74929090, -0.67817807
4, 1.74158246, -0.78807338, 1.76774105, -0.68341165
4, 1.75938678, -0.79197407, 1.78575867, -0.68851996
4, 1.77676582, -0.79592777, 1.80338428, -0.69352223
4, 1.79375950, -0.79993861, 1.82065550, -0.69843624
4, 1.81040462, -0.80400982, 1.83760688, -0.70327824
4, 1.82673783, -0.80814459, 1.85427288, -0.70806440
4, 1.84279578, -0.81234609, 1.87068792, -0.71281091
4, 1.85861512, -0.81661751, 1.88688644, -0.71753395
4, 1.87423250, -0.82096205, 1.90290287, -0.72224968
4, 1.88968458, -0.82538288, 1.91877166, -0.72697429
4, 1.90500801, -0.82988319, 1.93452724, -0.73172396
4, 1.92023943, -0.83446617, 1.95020404, -0.73651486
4, 1.93541550, -0.83913499, 1.96583651, -0.74136317
4, 1.95057287, -0.84389285, 1.98145907, -0.74628508
4, 1.96574580, -0.84874272, 1.99710387, -0.75129578
4, 1.98094498, -0.85368541, 2.01278047, -0.75640090
4, 1.99616774, -0.85872053, 2.02848560, -0.76160064
4, 2.01141128, -0.86384769, 2.04421587, -0.76689512
4, 2.02667275, -0.86906646, 2.05996787, -0.77228447
4, 2.04194948, -0.87437656, 2.07573835, -0.77776885
4, 2.05723924, -0.87977821, 2.09152476, -0.78334850
4, 2.07253994, -0.88527173, 2.10732466, -0.78902371
4, 2.08784950, -0.89085746, 2.12313565, -0.79479474
4, 2.10316582, -0.89653572, 2.13895531, -0.80066187
4, 2.11848681, -0.90230684, 2.15478123, -0.80662537
4, 2.13381039, -0.90817116, 2.17061100, -0.81268551
4, 2.14913447, -0.91412900, 2.18644220, -0.81884257
4, 2.16445695, -0.92018070, 2.20227242, -0.82509683
4, 2.17977571, -0.92632652, 2.21809922, -0.83144849
4, 2.19508811, -0.93256579, 2.23391962, -0.83789674
4, 2.21039108, -0.93889701, 2.24973020, -0.84443991
4, 2.22568153, -0.94531868, 2.26552753, -0.85107631
4, 2.24095636, -0.95182929, 2.28130819, -0.85780423
4, 2.25621250, -0.95842733, 2.29706874, -0.86462199
4, 2.27144685, -0.96511129, 2.31280576, -0.87152789
4, 2.28665632, -0.97187967, 2.32851580, -0.87852023
4, 2.30183785, -0.97873103, 2.34419547, -0.88559740
4, 2.31698837, -0.98566402, 2.35984137, -0.89275788
4, 2.33210482, -0.99267726, 2.37545009, -0.90000012
4, 2.34718415, -0.99976940, 2.39101824, -0.90732260
4, 2.36222329, -1.00693909, 2.40654243, -0.91472379
4, 2.37721919, -1.01418495, 2.42201925, -0.92220216
4, 2.39216878, -1.02150559, 2.43744531, -0.92975613
4, 2.40706878, -1.02889830, 2.45281671, -0.93738308
4, 2.42191566, -1.03635882, 2.46812902, -0.94507904
4, 2.43670586, -1.04388275, 2.48337775, -0.95283998
4, 2.45143584, -1.05146574, 2.49855843, -0.96066187
4, 2.46610204, -1.05910341, 2.51366657, -0.96854069
4, 2.48070091, -1.06679139, 2.52869770, -0.97647240
4, 2.49522890, -1.07452530, 2.54364733, -0.98445297
4, 2.50968247, -1.08230078, 2.55851100, -0.99247838
4, 2.52405805, -1.09011346, 2.57328420, -1.00054458
4, 2.53835197, -1.09795889, 2.58796240, -1.00864753
4, 2.55256008, -1.10583240, 2.60254070, -1.01678301
4, 2.56667810, -1.11372925, 2.61701413, -1.02494679
4, 2.58070175, -1.12164470, 2.63137773, -1.03313464
4, 2.59462686, -1.12957407, 2.64562664, -1.04134235
4, 2.60845888, -1.13751807, 2.65976514, -1.04956982
4, 2.62222021, -1.14548694, 2.67381366, -1.05782408
4, 2.63593498, -1.15349188, 2.68779426, -1.06611288
4, 2.64962730, -1.16154409, 2.70172899, -1.07444401
4, 2.66332130, -1.16965477, 2.71563992, -1.08282521
4, 2.67704112, -1.17783510, 2.72954911, -1.09126426
4, 2.69081086, -1.18609631, 2.74347862, -1.09976892
4, 2.70465466, -1.19444958, 2.75745050, -1.10834695
4, 2.71859665, -1.20290611, 2.77148683, -1.11700613
4, 2.73266094, -1.21147711, 2.78560965, -1.12575421
4, 2.74687165, -1.22017377, 2.79984104, -1.13459896
4, 2.76125300, -1.22900743, 2.81420316, -1.14354815
4, 2.77583086, -1.23799259, 2.82872090, -1.15260955
4, 2.79063276, -1.24714681, 2.84342171, -1.16179090
4, 2.80564722, -1.25643138, 2.85826945, -1.17109368
4, 2.82076036, -1.26565953, 2.87306086, -1.18050291
4, 2.83584165, -1.27462053, 2.88756556, -1.19000091
4, 2.85076060, -1.28310361, 2.90155319, -1.19957001
4, 2.86538670, -1.29089805, 2.91479337, -1.20919256
4, 2.87958943, -1.29779308, 2.92705575, -1.21885089
4, 2.89323831, -1.30357798, 2.93810995, -1.22852733
4, 2.90620281, -1.30804198, 2.94772561, -1.23820421
4, 2.91835243, -1.31097435, 2.95567236, -1.24786387
4, 2.92955668, -1.31216434, 2.96171984, -1.25748865
4, 2.93968503, -1.31140121, 2.96563768, -1.26706088
4, 2.94860698, -1.30847420, 2.96719551, -1.27656289
4, 2.95619204, -1.30317258, 2.96616297, -1.28597701
4, 2.96230969, -1.29528559, 2.96230969, -1.29528559
5, 1.36349883, -0.68765432, 1.36349883, -0.68765432
5, 1.36226006, -0.69869593, 1.36737296, -0.67730699
5, 1.36385991, -0.70877842, 1.37338658, -0.66923640
5, 1.36805145, -0.71797559, 1.38134768, -0.66326233
5, 1.37458776, -0.72636122, 1.39106422, -0.65920460
5, 1.38322192, -0.73400912, 1.40234420, -0.65688299
5, 1.39370699, -0.74099306, 1.41499560, -0.65611730
5, 1.40579606, -0.74738686, 1.42882639, -0.65672733
5, 1.41924221, -0.75326430, 1.44364457, -0.65853287
5, 1.43379850, -0.75869918, 1.45925811, -0.66135372
5, 1.44921801, -0.76376528, 1.47547500, -0.66500967
5, 1.46525382, -0.76853641, 1.49210321, -0.66932052
5, 1.48165901, -0.77308636, 1.50895074, -0.67410608
5, 1.49818665, -0.77748891, 1.52582556, -0.67918612
5, 1.51458981, -0.78181788, 1.54253566, -0.68438045
5, 1.53064993, -0.78613964, 1.55891148, -0.68952880
5, 1.54632335, -0.79047495, 1.57492208, -0.69459394
5, 1.56163329, -0.79482721, 1.59058954, -0.69958559
5, 1.57660703, -0.79920092, 1.60593981, -0.70451552
5, 1.59127578, -0.80360172, 1.62100267, -0.70939739
5, 1.60567093, -0.80803529, 1.63580806, -0.71424497
5, 1.61982389, -0.81250731, 1.65038590, -0.71907202
5, 1.63376604, -0.81702347, 1.66476615, -0.72389230
5, 1.64752878, -0.82158945, 1.67897874, -0.72871958
5, 1.66114350, -0.82621094, 1.69305360, -0.73356762
5, 1.67464159, -0.83089361, 1.70702067, -0.73845018
5, 1.68805445, -0.83564316, 1.72090990, -0.74338102
5, 1.70141347, -0.84046526, 1.73475121, -0.74837390
5, 1.71475005, -0.84536560, 1.74857454, -0.75344259
5, 1.72809360, -0.85034959, 1.76240796, -0.75860002
5, 1.74145430, -0.85541987, 1.77626109, -0.76385106
5, 1.75483135, -0.86057754, 1.79013308, -0.76919599
5, 1.76822385, -0.86582368, 1.80402299, -0.77463503
5, 1.78163089, -0.87115936, 1.81792985, -0.78016840
5, 1.79505139, -0.87658549, 1.83185250, -0.78579630
5, 1.80848371, -0.88210240, 1.84578894, -0.79151880
5, 1.82192600, -0.88771022, 1.85973698, -0.79733596
5, 1.83537645, -0.89340912, 1.87369442, -0.80324780
5, 1.84883323, -0.89919924, 1.88765906, -0.80925439
5, 1.86229452, -0.90508074, 1.90162870, -0.81535575
5, 1.87575849, -0.91105377, 1.91560115, -0.82155195
5, 1.88922333, -0.91711849, 1.92957421, -0.82784301
5, 1.90268721, -0.92327504, 1.94354569, -0.83422899
5, 1.91614828, -0.92952354, 1.95751334, -0.84070987
5, 1.92960427, -0.93586316, 1.97147453, -0.84728467
5, 1.94305254, -0.94229236, 1.98542622, -0.85395159
5, 1.95649048, -0.94880956, 1.99936539, -0.86070880
5, 1.96991544, -0.95541318, 2.01328900, -0.86755450
5, 1.98332478, -0.96210165, 2.02719401, -0.87448686
5, 1.99671588, -0.96887338, 2.04107740, -0.88150405
5, 2.01008608, -0.97572680, 2.05493614, -0.88860426
5, 2.02343275, -0.98266024, 2.06876716, -0.89578556
5, 2.03675321, -0.98967193, 2.08256740, -0.90304594
5, 2.05004479, -0.99676011, 2.09633377, -0.91038336
5, 2.06330481, -1.00392303, 2.11006322, -0.91779579
5, 2.07653060, -1.01115891, 2.12375265, -0.92528122
5, 2.08971949, -1.01846600, 2.13739900, -0.93283762
5, 2.10286880, -1.02584251, 2.15099918, -0.94046292
5, 2.11597557, -1.03328572, 2.16454985, -0.94815373
5, 2.12903646, -1.04079180, 2.17804732, -0.95590506
5, 2.14204813, -1.04835686, 2.19148791, -0.96371184
5, 2.15500725, -1.05597702, 2.20486792, -0.97156898
5, 2.16791047, -1.06364837, 2.21818367, -0.97947140
5, 2.18075445, -1.07136704, 2.23143145, -0.98741403
5, 2.19353585, -1.07912912, 2.24460758, -0.99539178
5, 2.20625132, -1.08693073, 2.25770836, -1.00339956
5, 2.21889753, -1.09476796, 2.27073010, -1.01143230
5, 2.23147128, -1.10263702, 2.28366920, -1.01948497
5, 2.24397000, -1.11053438, 2.29652249, -1.02755269
5, 2.25639124, -1.11845663, 2.30928689, -1.03563064
5, 2.26873258, -1.12640033, 2.32195929, -1.04371399
5, 2.28099167, -1.13436209, 2.33453672, -1.05179798
5, 2.29317443, -1.14234240, 2.34702327, -1.05988180
5, 2.30530127, -1.15034858, 2.35943556, -1.06797169
5, 2.31739409, -1.15838862, 2.37179150, -1.07607459
5, 2.32947478, -1.16647054, 2.38410900, -1.08419745
5, 2.34156524, -1.17460234, 2.39640594, -1.09234721
5, 2.35368736, -1.18279202, 2.40870024, -1.10053083
5, 2.36586305, -1.19104760, 2.42100979, -1.10875524
5, 2.37811420, -1.19937706, 2.43335249, -1.11702739
5, 2.39046269, -1.20778843, 2.44574625, -1.12535422
5, 2.40293044, -1.21628971, 2.45820897, -1.13374269
5, 2.41553934, -1.22488890, 2.47075855, -1.14219973
5, 2.42831119, -1.23359383, 2.48341274, -1.15073230
5, 2.44126567, -1.24240838, 2.49618592, -1.15934734
5, 2.45442030, -1.25133238, 2.50908899, -1.16805177
5, 2.46776098, -1.26031712, 2.52208023, -1.17684840
5, 2.48119096, -1.26918705, 2.53498018, -1.18572917
5, 2.49460007, -1.27774605, 2.54758708, -1.19468424
5, 2.50787815, -1.28579802, 2.55969918, -1.20370381
5, 2.52091506, -1.29314683, 2.57111471, -1.21277804
5, 2.53360064, -1.29959638, 2.58163192, -1.22189712
5, 2.54582473, -1.30495055, 2.59104904, -1.23105123
5, 2.55747717, -1.30901323, 2.59916431, -1.24023053
5, 2.56844780, -1.31158830, 2.60577597, -1.24942522
5, 2.57862648, -1.31247965, 2.61068225, -1.25862547
5, 2.58790304, -1.31149117, 2.61368141, -1.26782145
5, 2.59616734, -1.30842674, 2.61457167, -1.27700334
5, 2.60330920, -1.30309025, 2.61315128, -1.28616133
5, 2.60921847, -1.29528559, 2.60921847, -1.29528559
6, 1.21249189, -0.68800807, 1.21249189, -0.68800807
6, 1.21114300, -0.69750287, 1.21614175, -0.67921570
6, 1.21228698, -0.70635288, 1.22164965, -0.67240274
6, 1.21571136, -0.71460576, 1.22885151, -0.66741624
6, 1.22120370, -0.72230912, 1.23758324, -0.66410326
6, 1.22855154, -0.72951063, 1.24768075, -0.66231085
6, 1.23754244, -0.73625790, 1.25897996, -0.66188606
6, 1.24796395, -0.74259858, 1.27131676, -0.66267593
6, 1.25960360, -0.74858031, 1.28452707, -0.66452752
6, 1.27224895, -0.75425073, 1.29844681, -0.66728788
6, 1.28568755, -0.75965747, 1.31291187, -0.67080406
6, 1.29970694, -0.76484817, 1.32775818, -0.67492311
6, 1.31409468, -0.76987047, 1.34282165, -0.67949208
6, 1.32863831, -0.77477201, 1.35793817, -0.68435802
6, 1.34312538, -0.77960043, 1.37294367, -0.68936799
6, 1.35736541, -0.78439831, 1.38769101, -0.69438473
6, 1.37130343, -0.78917707, 1.40213772, -0.69936788
6, 1.38493679, -0.79393642, 1.41628179, -0.70431432
6, 1.39827709, -0.79868014, 1.43013500, -0.70922793
6, 1.41135016, -0.80341608, 1.44372280, -0.71411951
6, 1.42418244, -0.80815227, 1.45707127, -0.71900018
6, 1.43680035, -0.81289676, 1.47020645, -0.72388105
6, 1.44923034, -0.81765756, 1.48315442, -0.72877323
6, 1.46149884, -0.82244270, 1.49594122, -0.73368785
6, 1.47363229, -0.82726024, 1.50859293, -0.73863601
6, 1.48565712, -0.83211818, 1.52113560, -0.74362882
6, 1.49759977, -0.83702458, 1.53359529, -0.74867740
6, 1.50948668, -0.84198745, 1.54599807, -0.75379286
6, 1.52134428, -0.84701483, 1.55836998, -0.75898631
6, 1.53319750, -0.85211446, 1.57073567, -0.76426823
6, 1.54505650, -0.85729126, 1.58310563, -0.76964269
6, 1.55692303, -0.86254850, 1.59548240, -0.77511019
6, 1.56879877, -0.86788947, 1.60786838, -0.78067116
6, 1.58068537, -0.87331743, 1.62026599, -0.78632603
6, 1.59258395, -0.87883511, 1.63267692, -0.79207513
6, 1.60449344, -0.88444302, 1.64509986, -0.79791837
6, 1.61641221, -0.89014111, 1.65753279, -0.80385552
6, 1.62833864, -0.89592934, 1.66997365, -0.80988637
6, 1.64027111, -0.90180766, 1.68242041, -0.81601071
6, 1.65220798, -0.90777604, 1.69487103, -0.82222833
6, 1.66414765, -0.91383442, 1.70732348, -0.82853902
6, 1.67608848, -0.91998276, 1.71977571, -0.83494257
6, 1.68802884, -0.92622102, 1.73222569, -0.84143875
6, 1.69996711, -0.93254910, 1.74467135, -0.84802731
6, 1.71190130, -0.93896615, 1.75711031, -0.85470715
6, 1.72382918, -0.94547063, 1.76953989, -0.86147645
6, 1.73574852, -0.95206102, 1.78195741, -0.86833340
6, 1.74765707, -0.95873577, 1.79436019, -0.87527615
6, 1.75955257, -0.96549335, 1.80674554, -0.88230288
6, 1.77143281, -0.97233223, 1.81911080, -0.88941178
6, 1.78329551, -0.97925084, 1.83145326, -0.89660098
6, 1.79513838, -0.98624733, 1.84377018, -0.90386830
6, 1.80695905, -0.99331950, 1.85605873, -0.91121118
6, 1.81875513, -1.00046515, 1.86831608, -0.91862705
6, 1.83052426, -1.00768208, 1.88053938, -0.92611335
6, 1.84226406, -1.01496807, 1.89272581, -0.93366749
6, 1.85397216, -1.02232094, 1.90487254, -0.94128693
6, 1.86564616, -1.02973844, 1.91697673, -0.94896903
6, 1.87728338, -1.03721777, 1.92903542, -0.95670987
6, 1.88888076, -1.04475538, 1.94104552, -0.96450387
6, 1.90043521, -1.05234767, 1.95300390, -0.97234540
6, 1.91194366, -1.05999106, 1.96490747, -0.98022880
6, 1.92340300, -1.06768195, 1.97675311, -0.98814842
6, 1.93481017, -1.07541675, 1.98853772, -0.99609860
6, 1.94616207, -1.08319188, 2.00025817, -1.00407369
6, 1.95745562, -1.09100375, 2.01191137, -1.01206805
6, 1.96868774, -1.09884875, 2.02349421, -1.02007602
6, 1.97985589, -1.10672359, 2.03500393, -1.02809210
6, 1.99095972, -1.11462605, 2.04643926, -1.03611141
6, 2.00199941, -1.12255421, 2.05779928, -1.04412923
6, 2.01297516, -1.13050614, 2.06908308, -1.05214083
6, 2.02388724, -1.13847994, 2.08028980, -1.06014152
6, 2.03474251, -1.14647628, 2.09142376, -1.06813017
6, 2.04555941, -1.15450037, 2.10249837, -1.07611185
6, 2.05635760, -1.16255786, 2.11352797, -1.08409231
6, 2.06715672, -1.17065441, 2.12452691, -1.09207726
6, 2.07797641, -1.17879569, 2.13550954, -1.10007244
6, 2.08883630, -1.18698736, 2.14649020, -1.10808357
6, 2.09975605, -1.19523508, 2.15748324, -1.11611637
6, 2.11075530, -1.20354450, 2.16850299, -1.12417658
6, 2.12185368, -1.21192130, 2.17956381, -1.13226993
6, 2.13307084, -1.22037112, 2.19068004, -1.14040213
6, 2.14442643, -1.22889964, 2.20186602, -1.14857893
6, 2.15593974, -1.23751189, 2.21313557, -1.15680603
6, 2.16762248, -1.24619867, 2.22449036, -1.16508918
6, 2.17947864, -1.25493643, 2.23591981, -1.17343407
6, 2.19148808, -1.26366237, 2.24737233, -1.18184397
6, 2.20356812, -1.27221218, 2.25869003, -1.19031576
6, 2.21562594, -1.28040514, 2.26969781, -1.19884525
6, 2.22756870, -1.28806051, 2.28022057, -1.20742828
6, 2.23930361, -1.29499755, 2.29008319, -1.21606069
6, 2.25073783, -1.30103555, 2.29911058, -1.22473829
6, 2.26177854, -1.30599375, 2.30712762, -1.23345691
6, 2.27233293, -1.30969144, 2.31395922, -1.24221239
6, 2.28230818, -1.31194787, 2.31943027, -1.25100055
6, 2.29161147, -1.31258232, 2.32336567, -1.25981722
6, 2.30014997, -1.31141405, 2.32559030, -1.26865823
6, 2.30783087, -1.30826232, 2.32592907, -1.27751941
6, 2.31456136, -1.30294642, 2.32420687, -1.28639659
6, 2.32024860, -1.29528559, 2.32024860, -1.29528559
7, 1.09499283, -0.68828333, 1.09499283, -0.68828333
7, 1.09363785, -0.69629376, 1.09836697, -0.68097377
7, 1.09446244, -0.70396259, 1.10338590, -0.67533969
7, 1.09728679, -0.71131242, 1.10990842, -0.67125671
7, 1.10193112, -0.71836584, 1.11779335, -0.66860043
7, 1.10821561, -0.72514544, 1.12689951, -0.66724646
7, 1.11596046, -0.73167382, 1.13708571, -0.66707042
7, 1.12498589, -0.73797358, 1.14821078, -0.66794792
7, 1.13511208, -0.74406730, 1.16013352, -0.66975456
7, 1.14615925, -0.74997759, 1.17271276, -0.67236596
7, 1.15794758, -0.75572703, 1.18580731, -0.67565773
7, 1.17029728, -0.76133823, 1.19927599, -0.67950548
7, 1.18302855, -0.76683377, 1.21297760, -0.68378481
7, 1.19596159, -0.77223626, 1.22677098, -0.68837134
7, 1.20891660, -0.77756828, 1.24051494, -0.69314069
7, 1.22172889, -0.78284939, 1.25407966, -0.69797942
7, 1.23432703, -0.78808042, 1.26740558, -0.70284179
7, 1.24667630, -0.79325539, 1.28046104, -0.70770842
7, 1.25876969, -0.79837625, 1.29324106, -0.71257348
7, 1.27062778, -0.80345289, 1.30576728, -0.71744461
7, 1.28227234, -0.80849554, 1.31806251, -0.72233004
7, 1.29372515, -0.81351442, 1.33014956, -0.72723801
7, 1.30500801, -0.81851976, 1.34205123, -0.73217674
7, 1.31614267, -0.82352181, 1.35379033, -0.73715448
7, 1.32715094, -0.82853078, 1.36538966, -0.74217944
7, 1.33805458, -0.83355691, 1.37687202, -0.74725987
7, 1.34887538, -0.83861042, 1.38826024, -0.75240399
7, 1.35963511, -0.84370156, 1.39957709, -0.75762004
7, 1.37035557, -0.84884054, 1.41084541, -0.76291625
7, 1.38105749, -0.85403735, 1.42208700, -0.76830039
7, 1.39175157, -0.85929957, 1.43331412, -0.77377579
7, 1.40244278, -0.86463341, 1.44453355, -0.77934324
7, 1.41313602, -0.87004504, 1.45575203, -0.78500351
7, 1.42383619, -0.87554067, 1.46697629, -0.79075737
7, 1.43454714, -0.88112541, 1.47821162, -0.79660535
7, 1.44526843, -0.88680008, 1.48945752, -0.80254719
7, 1.45599857, -0.89256440, 1.50071207, -0.80858238
7, 1.46673608, -0.89841813, 1.51197333, -0.81471043
7, 1.47747946, -0.90436099, 1.52323935, -0.82093084
7, 1.48822721, -0.91039273, 1.53450821, -0.82724310
7, 1.49897786, -0.91651309, 1.54577796, -0.83364673
7, 1.50972990, -0.92272181, 1.55704668, -0.84014123
7, 1.52048184, -0.92901862, 1.56831242, -0.84672611
7, 1.53123219, -0.93540323, 1.57957324, -0.85340081
7, 1.54197921, -0.94187476, 1.59082695, -0.86016418
7, 1.55272100, -0.94843183, 1.60207119, -0.86701451
7, 1.56345565, -0.95507305, 1.61330359, -0.87395008
7, 1.57418124, -0.96179705, 1.62452176, -0.88096918
7, 1.58489588, -0.96860244, 1.63572333, -0.88807008
7, 1.59559763, -0.97548782, 1.64690593, -0.89525107
7, 1.60628460, -0.98245179, 1.65806718, -0.90251039
7, 1.61695474, -0.98949232, 1.66920455, -0.90984562
7, 1.62760588, -0.99660674, 1.68031537, -0.91725361
7, 1.63823586, -1.00379238, 1.69139699, -0.92473121
7, 1.64884252, -1.01104654, 1.70244673, -0.93227527
7, 1.65942368, -1.01836656, 1.71346192, -0.93988261
7, 1.66997718, -1.02574974, 1.72443988, -0.94755007
7, 1.68050084, -1.03319339, 1.73537796, -0.95527447
7, 1.69099223, -1.04069448, 1.74627344, -0.96305149
7, 1.70144858, -1.04824957, 1.75712361, -0.97087547
7, 1.71186711, -1.05585518, 1.76792573, -0.97874067
7, 1.72224506, -1.06350786, 1.77867707, -0.98664133
7, 1.73257963, -1.07120413, 1.78937491, -0.99457172
7, 1.74286806, -1.07894053, 1.80001650, -1.00252610
7, 1.75310756, -1.08671359, 1.81059912, -1.01049872
7, 1.76329536, -1.09451984, 1.82112005, -1.01848384
7, 1.77342868, -1.10235582, 1.83157654, -1.02647572
7, 1.78350580, -1.11021860, 1.84196658, -1.03446891
7, 1.79352925, -1.11810740, 1.85229099, -1.04245918
7, 1.80350262, -1.12602199, 1.86255132, -1.05044257
7, 1.81342951, -1.13396214, 1.87274909, -1.05841514
7, 1.82331357, -1.14192762, 1.88288589, -1.06637299
7, 1.83316310, -1.14991971, 1.89296662, -1.07431493
7, 1.84299462, -1.15794231, 1.90300208, -1.08224457
7, 1.85282551, -1.16599959, 1.91300366, -1.09016604
7, 1.86267311, -1.17409570, 1.92298274, -1.09808344
7, 1.87255480, -1.18223483, 1.93295073, -1.10600088
7, 1.88248793, -1.19042112, 1.94291900, -1.11392247
7, 1.89248987, -1.19865876, 1.95289896, -1.12185232
7, 1.90257798, -1.20695189, 1.96290200, -1.12979454
7, 1.91276961, -1.21530470, 1.97293949, -1.13775325
7, 1.92308214, -1.22372135, 1.98302285, -1.14573254
7, 1.93353291, -1.23220600, 1.99316345, -1.15373654
7, 1.94413866, -1.24076161, 2.00337166, -1.16176935
7, 1.95490127, -1.24936344, 2.01363421, -1.16983507
7, 1.96580777, -1.25795898, 2.02391416, -1.17793779
7, 1.97682852, -1.26646713, 2.03414577, -1.18608039
7, 1.98789185, -1.27473493, 2.04419043, -1.19426268
7, 1.99891926, -1.28259778, 2.05389775, -1.20248393
7, 2.00983225, -1.28989107, 2.06311734, -1.21074345
7, 2.02055232, -1.29645020, 2.07169879, -1.21904050
7, 2.03100099, -1.30211057, 2.07949171, -1.22737438
7, 2.04109975, -1.30670757, 2.08634570, -1.23574437
7, 2.05077010, -1.31007660, 2.09211035, -1.24414977
7, 2.05993356, -1.31205306, 2.09663528, -1.25258985
7, 2.06851163, -1.31247233, 2.09977008, -1.26106391
7, 2.07642581, -1.31116983, 2.10136436, -1.26957122
7, 2.08359760, -1.30798094, 2.10126771, -1.27811108
7, 2.08994852, -1.30274106, 2.09932974, -1.28668278
7, 2.09540005, -1.29528559, 2.09540005, -1.29528559
8, 1.01100164, -0.68848008, 1.01100164, -0.68848008
8, 1.00974460, -0.69506860, 1.01404864, -0.68258120
8, 1.01038629, -0.70160755, 1.01859533, -0.67804726
8, 1.01277775, -0.70809558, 1.02451840, -0.67478373
8, 1.01677001, -0.71453136, 1.03169454, -0.67269610
8, 1.02221410, -0.72091356, 1.04000047, -0.67168983
8, 1.02896105, -0.72724083, 1.04931287, -0.67167041
8, 1.03686189, -0.73351185, 1.05950846, -0.67254331
8, 1.04576766, -0.73972527, 1.07046393, -0.67421400
8, 1.05552939, -0.74587975, 1.08205598, -0.67658797
8, 1.06599810, -0.75197397, 1.09416131, -0.67957068
8, 1.07702484, -0.75800658, 1.10665662, -0.68306762
8, 1.08846062, -0.76397625, 1.11941862, -0.68698426
8, 1.10015649, -0.76988164, 1.13232399, -0.69122608
8, 1.11196347, -0.77572141, 1.14524945, -0.69569855
8, 1.12374039, -0.78149288, 1.15807742, -0.70031288
8, 1.13539413, -0.78718501, 1.17072567, -0.70501565
8, 1.14685183, -0.79278413, 1.18312728, -0.70976788
8, 1.15808483, -0.79828927, 1.19525799, -0.71455216
8, 1.16910862, -0.80371216, 1.20713610, -0.71937268
8, 1.17994064, -0.80906507, 1.21878179, -0.72423455
8, 1.19059830, -0.81436029, 1.23021523, -0.72914290
8, 1.20109905, -0.81961010, 1.24145659, -0.73410283
8, 1.21146029, -0.82482676, 1.25252605, -0.73911947
8, 1.22169946, -0.83002256, 1.26344378, -0.74419794
8, 1.23183398, -0.83520978, 1.27422994, -0.74934335
8, 1.24188128, -0.84040070, 1.28490472, -0.75456081
8, 1.25185878, -0.84560759, 1.29548829, -0.75985546
8, 1.26178391, -0.85084273, 1.30600081, -0.76523240
8, 1.27167357, -0.85611825, 1.31646196, -0.77069651
8, 1.28153952, -0.86144481, 1.32688653, -0.77625035
8, 1.29139060, -0.86683226, 1.33728653, -0.78189514
8, 1.30123562, -0.87229041, 1.34767394, -0.78763209
8, 1.31108337, -0.87782909, 1.35806073, -0.79346240
8, 1.32094096, -0.88345640, 1.36845659, -0.79938696
8, 1.33080868, -0.88917357, 1.37886192, -0.80540528
8, 1.34068508, -0.89498009, 1.38927484, -0.81151656
8, 1.35056876, -0.90087548, 1.39969346, -0.81771999
8, 1.36045827, -0.90685922, 1.41011589, -0.82401476
8, 1.37035220, -0.91293083, 1.42054024, -0.83040006
8, 1.38024912, -0.91908980, 1.43096462, -0.83687508
8, 1.39014760, -0.92533564, 1.44138713, -0.84343902
8, 1.40004621, -0.93166785, 1.45180590, -0.85009106
8, 1.40994352, -0.93808591, 1.46221901, -0.85683037
8, 1.41983799, -0.94458898, 1.47262446, -0.86365576
8, 1.42972799, -0.95117594, 1.48302014, -0.87056576
8, 1.43961186, -0.95784567, 1.49340393, -0.87755887
8, 1.44948797, -0.96459703, 1.50377372, -0.88463359
8, 1.45935469, -0.97142891, 1.51412738, -0.89178844
8, 1.46921036, -0.97834017, 1.52446281, -0.89902192
8, 1.47905335, -0.98532966, 1.53477788, -0.90633249
8, 1.48888181, -0.99239520, 1.54507025, -0.91371751
8, 1.49869370, -0.99953364, 1.55533732, -0.92117323
8, 1.50848697, -1.00674179, 1.56557652, -0.92869584
8, 1.51825957, -1.01401643, 1.57578526, -0.93628155
8, 1.52800945, -1.02135437, 1.58596096, -0.94392655
8, 1.53773456, -1.02875241, 1.59610102, -0.95162706
8, 1.54743285, -1.03620735, 1.60620286, -0.95937924
8, 1.55710210, -1.04371583, 1.61626390, -0.96717861
8, 1.56673990, -1.05127436, 1.62628160, -0.97501986
8, 1.57634383, -1.05887939, 1.63625339, -0.98289763
8, 1.58591146, -1.06652742, 1.64617673, -0.99080657
8, 1.59544037, -1.07421492, 1.65604905, -0.99874133
8, 1.60492814, -1.08193837, 1.66586780, -1.00669654
8, 1.61437234, -1.08969424, 1.67563043, -1.01466687
8, 1.62377055, -1.09747902, 1.68533437, -1.02264695
8, 1.63312034, -1.10528917, 1.69497709, -1.03063142
8, 1.64242100, -1.11312205, 1.70455715, -1.03861542
8, 1.65167858, -1.12097843, 1.71407770, -1.04659599
8, 1.66090087, -1.12885997, 1.72354300, -1.05457065
8, 1.67009563, -1.13676832, 1.73295733, -1.06253693
8, 1.67927065, -1.14470513, 1.74232498, -1.07049237
8, 1.68843620, -1.15267269, 1.75165185, -1.07843608
8, 1.69760690, -1.16067441, 1.76094670, -1.08636985
8, 1.70679780, -1.16871381, 1.77021856, -1.09429579
8, 1.71602396, -1.17679442, 1.77947648, -1.10221598
8, 1.72530042, -1.18491974, 1.78872949, -1.11013254
8, 1.73464225, -1.19309330, 1.79798664, -1.11804754
8, 1.74406450, -1.20131863, 1.80725697, -1.12596308
8, 1.75358222, -1.20959924, 1.81654951, -1.13388126
8, 1.76321048, -1.21793865, 1.82587331, -1.14180418
8, 1.77296432, -1.22634039, 1.83523740, -1.14973392
8, 1.78285880, -1.23480797, 1.84465083, -1.15767258
8, 1.79290794, -1.24334299, 1.85412100, -1.16562226
8, 1.80310205, -1.25190271, 1.86361748, -1.17358502
8, 1.81340769, -1.26040002, 1.87307205, -1.18156293
8, 1.82378230, -1.26873140, 1.88240053, -1.18955766
8, 1.83416215, -1.27675530, 1.89148136, -1.19756994
8, 1.84448004, -1.28432397, 1.90018690, -1.20560029
8, 1.85466879, -1.29128971, 1.90838950, -1.21364929
8, 1.86466122, -1.29750478, 1.91596152, -1.22171748
8, 1.87439013, -1.30282146, 1.92277532, -1.22980540
8, 1.88378835, -1.30709201, 1.92870326, -1.23791362
8, 1.89278868, -1.31016872, 1.93361770, -1.24604268
8, 1.90132395, -1.31190386, 1.93739099, -1.25419313
8, 1.90932697, -1.31214971, 1.93989550, -1.26236553
8, 1.91673056, -1.31075853, 1.94100358, -1.27056042
8, 1.92346752, -1.30758260, 1.94058759, -1.27877837
8, 1.92947068, -1.30247419, 1.93851989, -1.28701990
8, 1.93467284, -1.29528559, 1.93467284, -1.29528559
9, 0.96051832, -0.68859835, 0.96051832, -0.68859835
9, 0.95946324, -0.69382740, 0.96318676, -0.68403800
9, 0.96005853, -0.69928775, 0.96727795, -0.68052544
9, 0.96218423, -0.70495523, 0.97268145, -0.67799731
9, 0.96572038, -0.71080570, 0.97928682, -0.67639026
9, 0.97054702, -0.71681498, 0.98698363, -0.67564095
9, 0.97654420, -0.72295893, 0.99566143, -0.67568600
9, 0.98359196, -0.72921339, 1.00520980, -0.67646208
9, 0.99157034, -0.73555421, 1.01551828, -0.67790583
9, 1.00035938, -0.74195723, 1.02647645, -0.67995389
9, 1.00983912, -0.74839829, 1.03797387, -0.68254292
9, 1.01988961, -0.75485324, 1.04990009, -0.68560955
9, 1.03039090, -0.76129792, 1.06214468, -0.68909044
9, 1.04122301, -0.76770817, 1.07459720, -0.69292223
9, 1.05226599, -0.77405984, 1.08714722, -0.69704157
9, 1.06339989, -0.78032878, 1.09968429, -0.70138510
9, 1.07450475, -0.78649083, 1.11209798, -0.70588948
9, 1.08546338, -0.79252263, 1.12428053, -0.71049270
9, 1.09622250, -0.79841918, 1.13618579, -0.71516398
9, 1.10679269, -0.80419388, 1.14782926, -0.71990373
9, 1.11718733, -0.80986089, 1.15922910, -0.72471372
9, 1.12741980, -0.81543439, 1.17040345, -0.72959572
9, 1.13750346, -0.82092856, 1.18137050, -0.73455150
9, 1.14745169, -0.82635756, 1.19214839, -0.73958283
9, 1.15727785, -0.83173559, 1.20275529, -0.74469149
9, 1.16699532, -0.83707681, 1.21320936, -0.74987924
9, 1.17661748, -0.84239540, 1.22352875, -0.75514785
9, 1.18615769, -0.84770554, 1.23373164, -0.76049910
9, 1.19562932, -0.85302139, 1.24383619, -0.76593476
9, 1.20504575, -0.85835715, 1.25386054, -0.77145660
9, 1.21442035, -0.86372698, 1.26382288, -0.77706639
9, 1.22376649, -0.86914506, 1.27374134, -0.78276589
9, 1.23309755, -0.87462557, 1.28363411, -0.78855689
9, 1.24242689, -0.88018268, 1.29351933, -0.79444114
9, 1.25176542, -0.88582807, 1.30341184, -0.80041994
9, 1.26111419, -0.89156349, 1.31331306, -0.80649263
9, 1.27047175, -0.89738818, 1.32322110, -0.81265805
9, 1.27983668, -0.90330139, 1.33313405, -0.81891505
9, 1.28920756, -0.90930235, 1.34305003, -0.82526249
9, 1.29858295, -0.91539032, 1.35296712, -0.83169921
9, 1.30796143, -0.92156454, 1.36288343, -0.83822407
9, 1.31734157, -0.92782426, 1.37279706, -0.84483592
9, 1.32672194, -0.93416871, 1.38270611, -0.85153360
9, 1.33610111, -0.94059715, 1.39260867, -0.85831598
9, 1.34547766, -0.94710883, 1.40250284, -0.86518189
9, 1.35485015, -0.95370298, 1.41238673, -0.87213020
9, 1.36421716, -0.96037886, 1.42225844, -0.87915974
9, 1.37357725, -0.96713570, 1.43211606, -0.88626938
9, 1.38292901, -0.97397276, 1.44195769, -0.89345796
9, 1.39227099, -0.98088927, 1.45178144, -0.90072433
9, 1.40160177, -0.98788443, 1.46158538, -0.90806728
9, 1.41091962, -0.99495597, 1.47136728, -0.91548399
9, 1.42022252, -1.00210021, 1.48112457, -0.92297003
9, 1.42950846, -1.00931338, 1.49085467, -0.93052093
9, 1.43877541, -1.01659174, 1.50055498, -0.93813219
9, 1.44802137, -1.02393152, 1.51022294, -0.94579934
9, 1.45724430, -1.03132896, 1.51985595, -0.95351789
9, 1.46644218, -1.03878032, 1.52945144, -0.96128334
9, 1.47561300, -1.04628183, 1.53900681, -0.96909121
9, 1.48475473, -1.05382975, 1.54851949, -0.97693703
9, 1.49386536, -1.06142030, 1.55798689, -0.98481629
9, 1.50294286, -1.06904975, 1.56740644, -0.99272452
9, 1.51198521, -1.07671432, 1.57677554, -1.00065722
9, 1.52099040, -1.08441027, 1.58609162, -1.00860992
9, 1.52995639, -1.09213384, 1.59535208, -1.01657813
9, 1.53888118, -1.09988127, 1.60455436, -1.02455735
9, 1.54776273, -1.10764881, 1.61369586, -1.03254311
9, 1.55660149, -1.11543394, 1.62277565, -1.04053161
9, 1.56540773, -1.12323915, 1.63179937, -1.04852184
9, 1.57419416, -1.13106816, 1.64077432, -1.05651347
9, 1.58297350, -1.13892469, 1.64970779, -1.06450619
9, 1.59175849, -1.14681247, 1.65860707, -1.07249968
9, 1.60056183, -1.15473522, 1.66747945, -1.08049362
9, 1.60939626, -1.16269667, 1.67633223, -1.08848768
9, 1.61827450, -1.17070053, 1.68517269, -1.09648154
9, 1.62720926, -1.17875055, 1.69400813, -1.10447489
9, 1.63621327, -1.18685043, 1.70284584, -1.11246741
9, 1.64529926, -1.19500391, 1.71169312, -1.12045877
9, 1.65447995, -1.20321470, 1.72055725, -1.12844866
9, 1.66376805, -1.21148654, 1.72944553, -1.13643675
9, 1.67317629, -1.21982315, 1.73836525, -1.14442272
9, 1.68271739, -1.22822825, 1.74732370, -1.15240626
9, 1.69240408, -1.23670556, 1.75632818, -1.16038704
9, 1.70224759, -1.24525603, 1.76538359, -1.16836474
9, 1.71222482, -1.25381646, 1.77444017, -1.17633902
9, 1.72227840, -1.26225955, 1.78339346, -1.18430949
9, 1.73234943, -1.27045518, 1.79213663, -1.19227579
9, 1.74237901, -1.27827328, 1.80056284, -1.20023753
9, 1.75230828, -1.28558373, 1.80856526, -1.20819433
9, 1.76207833, -1.29225643, 1.81603705, -1.21614582
9, 1.77163028, -1.29816129, 1.82287138, -1.22409162
9, 1.78090525, -1.30316820, 1.82896142, -1.23203136
9, 1.78984434, -1.30714707, 1.83420032, -1.23996465
9, 1.79838867, -1.30996780, 1.83848126, -1.24789112
9, 1.80647935, -1.31150029, 1.84169741, -1.25581039
9, 1.81405750, -1.31161443, 1.84374192, -1.26372209
9, 1.82106422, -1.31018013, 1.84450797, -1.27162584
9, 1.82744063, -1.30706729, 1.84388871, -1.27952126
9, 1.83312784, -1.30214581, 1.84177733, -1.28740797
9, 1.83806697, -1.29528559, 1.83806697, -1.29528559
