span_index,ss_x,ss_y,ss_z,ps_x,ps_y,ps_z
0, 0.02463067, -0.00829182, 0.01015560, 0.02463067, -0.00829182, 0.01015560
0, 0.02464105, -0.00849319, 0.00999348, 0.02468161, -0.00810840, 0.01032967
0, 0.02471278, -0.00868177, 0.00987002, 0.02478844, -0.00797397, 0.01049003
0, 0.02484085, -0.00886040, 0.00978260, 0.02494612, -0.00788524, 0.01063969
0, 0.02501989, -0.00903135, 0.00972849, 0.02515035, -0.00783913, 0.01078124
0, 0.02524562, -0.00919684, 0.00970537, 0.02539696, -0.00783251, 0.01091673
0, 0.02551289, -0.00935846, 0.00971057, 0.02568175, -0.00786225, 0.01104778
0, 0.02581698, -0.00951768, 0.00974150, 0.02600022, -0.00792505, 0.01117554
0, 0.02615325, -0.00967583, 0.00979557, 0.02634789, -0.00801758, 0.01130099
0, 0.02651703, -0.00983404, 0.00987004, 0.02672080, -0.00813644, 0.01142499
0, 0.02690285, -0.00999301, 0.00996174, 0.02711380, -0.00827787, 0.01154801
0, 0.02730554, -0.01015354, 0.01006752, 0.02752269, -0.00843806, 0.01167069
0, 0.02772026, -0.01031633, 0.01018399, 0.02794178, -0.00861264, 0.01179320
0, 0.02814123, -0.01048182, 0.01030735, 0.02836714, -0.00879744, 0.01191638
0, 0.02856258, -0.01065028, 0.01043340, 0.02879246, -0.00898734, 0.01204024
0, 0.02897874, -0.01082183, 0.01055811, 0.02921334, -0.00917789, 0.01216532
0, 0.02938868, -0.01099655, 0.01068038, 0.02962830, -0.00936781, 0.01229150
0, 0.02979347, -0.01117479, 0.01080053, 0.03003849, -0.00955764, 0.01241910
0, 0.03019314, -0.01135644, 0.01091846, 0.03044450, -0.00974772, 0.01254812
0, 0.03058889, -0.01154191, 0.01103456, 0.03084631, -0.00993827, 0.01267838
0, 0.03098057, -0.01173103, 0.01114870, 0.03124515, -0.01012989, 0.01281013
0, 0.03136993, -0.01192446, 0.01126151, 0.03164158, -0.01032307, 0.01294346
0, 0.03175701, -0.01212218, 0.01137298, 0.03203636, -0.01051831, 0.01307843
0, 0.03214284, -0.01232456, 0.01148349, 0.03243025, -0.01071624, 0.01321520
0, 0.03252800, -0.01253186, 0.01159328, 0.03282405, -0.01091746, 0.01335385
0, 0.03291380, -0.01274461, 0.01170288, 0.03321852, -0.01112265, 0.01349455
0, 0.03330064, -0.01296304, 0.01181252, 0.03361430, -0.01133245, 0.01363733
0, 0.03368962, -0.01318767, 0.01192267, 0.03401271, -0.01154785, 0.01378258
0, 0.03408166, -0.01341901, 0.01203381, 0.03441447, -0.01176960, 0.01393042
0, 0.03447755, -0.01365751, 0.01214634, 0.03482006, -0.01199844, 0.01408084
0, 0.03487791, -0.01390370, 0.01226056, 0.03523078, -0.01223526, 0.01423442
0, 0.03528209, -0.01415747, 0.01237615, 0.03564542, -0.01247983, 0.01439058
0, 0.03569080, -0.01441946, 0.01249343, 0.03606501, -0.01273286, 0.01454985
0, 0.03610350, -0.01468962, 0.01261210, 0.03648886, -0.01299437, 0.01471192
0, 0.03652074, -0.01496856, 0.01273242, 0.03691714, -0.01326470, 0.01487687
0, 0.03694201, -0.01525626, 0.01285410, 0.03735000, -0.01354428, 0.01504481
0, 0.03736743, -0.01555312, 0.01297718, 0.03778718, -0.01383328, 0.01521561
0, 0.03779686, -0.01585934, 0.01310155, 0.03822881, -0.01413215, 0.01538937
0, 0.03823040, -0.01617531, 0.01322722, 0.03867494, -0.01444126, 0.01556611
0, 0.03866802, -0.01650136, 0.01335414, 0.03912529, -0.01476085, 0.01574571
0, 0.03910986, -0.01683792, 0.01348233, 0.03957997, -0.01509137, 0.01592824
0, 0.03955550, -0.01718510, 0.01361154, 0.04003869, -0.01543308, 0.01611352
0, 0.04000481, -0.01754320, 0.01374164, 0.04050172, -0.01578656, 0.01630175
0, 0.04045806, -0.01791278, 0.01387272, 0.04096864, -0.01615202, 0.01649267
0, 0.04091518, -0.01829419, 0.01400468, 0.04143975, -0.01653010, 0.01668647
0, 0.04137553, -0.01868744, 0.01413715, 0.04191448, -0.01692093, 0.01688284
0, 0.04183945, -0.01909318, 0.01427025, 0.04239293, -0.01732506, 0.01708183
0, 0.04230680, -0.01951175, 0.01440386, 0.04287497, -0.01774293, 0.01728340
0, 0.04277733, -0.01994344, 0.01453777, 0.04336044, -0.01817498, 0.01748747
0, 0.04325062, -0.02038842, 0.01467170, 0.04384886, -0.01862143, 0.01769371
0, 0.04372675, -0.02084724, 0.01480562, 0.04434049, -0.01908304, 0.01790233
0, 0.04420568, -0.02132039, 0.01493944, 0.04483461, -0.01955993, 0.01811287
0, 0.04468690, -0.02180799, 0.01507278, 0.04533155, -0.02005293, 0.01832553
0, 0.04517025, -0.02231048, 0.01520548, 0.04583049, -0.02056211, 0.01853977
0, 0.04565540, -0.02282814, 0.01533725, 0.04633171, -0.02108837, 0.01875581
0, 0.04614240, -0.02336161, 0.01546802, 0.04683443, -0.02163180, 0.01897309
0, 0.04663072, -0.02391103, 0.01559739, 0.04733862, -0.02219309, 0.01919158
0, 0.04712007, -0.02447679, 0.01572508, 0.04784386, -0.02277270, 0.01941099
0, 0.04761031, -0.02505934, 0.01585097, 0.04834966, -0.02337100, 0.01963089
0, 0.04810100, -0.02565883, 0.01597490, 0.04885576, -0.02398872, 0.01985098
0, 0.04859187, -0.02627558, 0.01609679, 0.04936170, -0.02462637, 0.02007075
0, 0.04908255, -0.02690980, 0.01621654, 0.04986670, -0.02528420, 0.02028942
0, 0.04957262, -0.02756168, 0.01633402, 0.05037033, -0.02596279, 0.02050647
0, 0.05006199, -0.02823180, 0.01644935, 0.05087218, -0.02666278, 0.02072137
0, 0.05054974, -0.02891978, 0.01656208, 0.05137139, -0.02738431, 0.02093317
0, 0.05103602, -0.02962653, 0.01667253, 0.05186756, -0.02812804, 0.02114127
0, 0.05151987, -0.03035166, 0.01678029, 0.05235987, -0.02889415, 0.02134469
0, 0.05200109, -0.03109568, 0.01688546, 0.05284793, -0.02968334, 0.02154278
0, 0.05247914, -0.03185872, 0.01698795, 0.05333061, -0.03049536, 0.02173418
0, 0.05295351, -0.03264099, 0.01708773, 0.05380756, -0.03133094, 0.02191819
0, 0.05342353, -0.03344245, 0.01718466, 0.05427790, -0.03219011, 0.02209360
0, 0.05388863, -0.03426321, 0.01727869, 0.05474083, -0.03307294, 0.02225919
0, 0.05434861, -0.03510422, 0.01736962, 0.05519613, -0.03398040, 0.02241426
0, 0.05480341, -0.03596721, 0.01745648, 0.05564374, -0.03491383, 0.02255824
0, 0.05525307, -0.03685433, 0.01753826, 0.05608407, -0.03587560, 0.02269110
0, 0.05569747, -0.03776771, 0.01761374, 0.05651701, -0.03686752, 0.02281229
0, 0.05613654, -0.03870980, 0.01768169, 0.05694259, -0.03789199, 0.02292150
0, 0.05657006, -0.03968318, 0.01774068, 0.05736087, -0.03895189, 0.02301853
0, 0.05699785, -0.04069086, 0.01778930, 0.05777141, -0.04004967, 0.02310271
0, 0.05741918, -0.04173514, 0.01782553, 0.05817398, -0.04118871, 0.02317375
0, 0.05783371, -0.04281963, 0.01784769, 0.05856769, -0.04237165, 0.02323069
0, 0.05824060, -0.04394749, 0.01785361, 0.05895207, -0.04360284, 0.02327328
0, 0.05863890, -0.04512214, 0.01784089, 0.05932581, -0.04488546, 0.02330036
0, 0.05902752, -0.04634737, 0.01780698, 0.05968756, -0.04622384, 0.02331110
0, 0.05940492, -0.04762691, 0.01774888, 0.06003551, -0.04762239, 0.02330437
0, 0.05976924, -0.04896460, 0.01766329, 0.06036756, -0.04908575, 0.02327882
0, 0.06011777, -0.05036072, 0.01754930, 0.06067968, -0.05061341, 0.02323155
0, 0.06044490, -0.05180206, 0.01741253, 0.06096534, -0.05219063, 0.02315652
0, 0.06074547, -0.05327234, 0.01726113, 0.06121808, -0.05379590, 0.02304648
0, 0.06101527, -0.05475362, 0.01710478, 0.06143391, -0.05540694, 0.02289551
0, 0.06125099, -0.05622670, 0.01695491, 0.06161010, -0.05699729, 0.02269766
0, 0.06145090, -0.05767064, 0.01682459, 0.06174683, -0.05853850, 0.02244812
0, 0.06161416, -0.05906299, 0.01672848, 0.06184601, -0.06000022, 0.02214327
0, 0.06174201, -0.06037959, 0.01668258, 0.06191176, -0.06134999, 0.02178062
0, 0.06183673, -0.06159560, 0.01670417, 0.06195044, -0.06255396, 0.02135907
0, 0.06190202, -0.06268507, 0.01681122, 0.06196918, -0.06357835, 0.02087924
0, 0.06194293, -0.06362088, 0.01702170, 0.06197544, -0.06438912, 0.02034309
0, 0.06196537, -0.06437519, 0.01735299, 0.06197644, -0.06488214, 0.01973244
0, 0.06197376, -0.06491950, 0.01782098, 0.06197644, -0.06507987, 0.01907015
0, 0.06197643, -0.06522503, 0.01843912, 0.06197643, -0.06522503, 0.01843912
1, 0.02590002, -0.01011908, 0.01237470, 0.02590002, -0.01011908, 0.01237470
1, 0.02589988, -0.01033788, 0.01219150, 0.02596320, -0.00992165, 0.01257062
1, 0.02596454, -0.01054464, 0.01205094, 0.02608165, -0.00977898, 0.01275005
1, 0.02608850, -0.01074205, 0.01194990, 0.02625042, -0.00968742, 0.01291625
1, 0.02626601, -0.01093231, 0.01188528, 0.02646521, -0.00964349, 0.01307203
1, 0.02649230, -0.01111754, 0.01185431, 0.02672156, -0.00964362, 0.01321955
1, 0.02676185, -0.01129932, 0.01185403, 0.02701516, -0.00968417, 0.01336057
1, 0.02706954, -0.01147909, 0.01188152, 0.02734139, -0.00976140, 0.01349638
1, 0.02741018, -0.01165805, 0.01193381, 0.02769585, -0.00987149, 0.01362818
1, 0.02777862, -0.01183727, 0.01200781, 0.02807416, -0.01001046, 0.01375687
1, 0.02816916, -0.01201742, 0.01210009, 0.02847127, -0.01017402, 0.01388309
1, 0.02857601, -0.01219910, 0.01220705, 0.02888281, -0.01035782, 0.01400766
1, 0.02899414, -0.01238298, 0.01232507, 0.02930323, -0.01055694, 0.01413095
1, 0.02941721, -0.01256922, 0.01244989, 0.02972823, -0.01076657, 0.01425387
1, 0.02983931, -0.01275801, 0.01257705, 0.03015185, -0.01098110, 0.01437672
1, 0.03025457, -0.01294925, 0.01270220, 0.03056956, -0.01119553, 0.01450019
1, 0.03066218, -0.01314311, 0.01282420, 0.03098046, -0.01140873, 0.01462441
1, 0.03106347, -0.01334008, 0.01294343, 0.03138593, -0.01162144, 0.01474973
1, 0.03145900, -0.01354029, 0.01305997, 0.03178650, -0.01183406, 0.01487607
1, 0.03184974, -0.01374406, 0.01317410, 0.03218264, -0.01204706, 0.01500345
1, 0.03223597, -0.01395145, 0.01328586, 0.03257526, -0.01226095, 0.01513197
1, 0.03261899, -0.01416292, 0.01339567, 0.03296514, -0.01247637, 0.01526179
1, 0.03299917, -0.01437862, 0.01350366, 0.03335298, -0.01269385, 0.01539293
1, 0.03337747, -0.01459893, 0.01361017, 0.03373939, -0.01291400, 0.01552544
1, 0.03375469, -0.01482422, 0.01371552, 0.03412535, -0.01313756, 0.01565951
1, 0.03413164, -0.01505483, 0.01382001, 0.03451151, -0.01336524, 0.01579519
1, 0.03450926, -0.01529130, 0.01392409, 0.03489866, -0.01359778, 0.01593259
1, 0.03488847, -0.01553409, 0.01402814, 0.03528784, -0.01383612, 0.01607195
1, 0.03527003, -0.01578368, 0.01413256, 0.03567983, -0.01408112, 0.01621337
1, 0.03565500, -0.01604072, 0.01423786, 0.03607529, -0.01433363, 0.01635695
1, 0.03604368, -0.01630554, 0.01434418, 0.03647507, -0.01459438, 0.01650301
1, 0.03643553, -0.01657808, 0.01445127, 0.03687826, -0.01486325, 0.01665110
1, 0.03683121, -0.01685894, 0.01455941, 0.03728548, -0.01514076, 0.01680151
1, 0.03723002, -0.01714792, 0.01466824, 0.03769618, -0.01542695, 0.01695397
1, 0.03763248, -0.01744560, 0.01477800, 0.03811037, -0.01572209, 0.01710847
1, 0.03803798, -0.01775186, 0.01488833, 0.03852818, -0.01602657, 0.01726509
1, 0.03844679, -0.01806717, 0.01499935, 0.03894940, -0.01634058, 0.01742368
1, 0.03885866, -0.01839165, 0.01511085, 0.03937396, -0.01666443, 0.01758421
1, 0.03927372, -0.01872568, 0.01522286, 0.03980200, -0.01699852, 0.01774674
1, 0.03969185, -0.01906949, 0.01533525, 0.04023315, -0.01734301, 0.01791103
1, 0.04011314, -0.01942347, 0.01544800, 0.04066756, -0.01769836, 0.01807717
1, 0.04053721, -0.01978770, 0.01556085, 0.04110491, -0.01806476, 0.01824494
1, 0.04096393, -0.02016243, 0.01567367, 0.04154537, -0.01844271, 0.01841441
1, 0.04139357, -0.02054823, 0.01578651, 0.04198866, -0.01883247, 0.01858542
1, 0.04182594, -0.02094528, 0.01589921, 0.04243478, -0.01923443, 0.01875791
1, 0.04226050, -0.02135361, 0.01601143, 0.04288340, -0.01964883, 0.01893169
1, 0.04269753, -0.02177376, 0.01612325, 0.04333447, -0.02007604, 0.01910673
1, 0.04313687, -0.02220601, 0.01623452, 0.04378794, -0.02051651, 0.01928299
1, 0.04357817, -0.02265049, 0.01634499, 0.04424345, -0.02097043, 0.01946021
1, 0.04402121, -0.02310743, 0.01645446, 0.04470070, -0.02143810, 0.01963820
1, 0.04446596, -0.02357726, 0.01656284, 0.04515980, -0.02192008, 0.01981700
1, 0.04491225, -0.02406024, 0.01666994, 0.04562019, -0.02241650, 0.01999625
1, 0.04535981, -0.02455664, 0.01677553, 0.04608196, -0.02292794, 0.02017596
1, 0.04580831, -0.02506664, 0.01687932, 0.04654445, -0.02345445, 0.02035564
1, 0.04625745, -0.02559042, 0.01698102, 0.04700781, -0.02399676, 0.02053541
1, 0.04670736, -0.02612866, 0.01708063, 0.04747147, -0.02455498, 0.02071479
1, 0.04715745, -0.02668129, 0.01717768, 0.04793524, -0.02512959, 0.02089365
1, 0.04760749, -0.02724863, 0.01727190, 0.04839875, -0.02572089, 0.02107165
1, 0.04805730, -0.02783101, 0.01736317, 0.04886155, -0.02632919, 0.02124842
1, 0.04850650, -0.02842851, 0.01745130, 0.04932339, -0.02695496, 0.02142365
1, 0.04895482, -0.02904130, 0.01753620, 0.04978383, -0.02759854, 0.02159688
1, 0.04940185, -0.02966943, 0.01761769, 0.05024227, -0.02826013, 0.02176754
1, 0.04984735, -0.03031315, 0.01769575, 0.05069820, -0.02893996, 0.02193506
1, 0.05029111, -0.03097277, 0.01777034, 0.05115131, -0.02963855, 0.02209906
1, 0.05073225, -0.03164775, 0.01784102, 0.05160088, -0.03035591, 0.02225877
1, 0.05117101, -0.03233898, 0.01790810, 0.05204651, -0.03109242, 0.02241368
1, 0.05160654, -0.03304599, 0.01797118, 0.05248752, -0.03184814, 0.02256302
1, 0.05203857, -0.03376903, 0.01803027, 0.05292349, -0.03262340, 0.02270621
1, 0.05246659, -0.03450804, 0.01808525, 0.05335351, -0.03341789, 0.02284221
1, 0.05289016, -0.03526304, 0.01813605, 0.05377731, -0.03423213, 0.02297055
1, 0.05330873, -0.03603392, 0.01818256, 0.05419403, -0.03506573, 0.02309015
1, 0.05372177, -0.03682056, 0.01822470, 0.05460307, -0.03591873, 0.02320020
1, 0.05412902, -0.03762352, 0.01826219, 0.05500419, -0.03679169, 0.02330010
1, 0.05453061, -0.03844446, 0.01829435, 0.05539737, -0.03768580, 0.02338941
1, 0.05492663, -0.03928519, 0.01832030, 0.05578297, -0.03860306, 0.02346809
1, 0.05531710, -0.04014766, 0.01833910, 0.05616095, -0.03954513, 0.02353575
1, 0.05570196, -0.04103391, 0.01834970, 0.05653131, -0.04051397, 0.02359209
1, 0.05608108, -0.04194611, 0.01835097, 0.05689413, -0.04151210, 0.02363695
1, 0.05645445, -0.04288700, 0.01834182, 0.05724900, -0.04254143, 0.02366971
1, 0.05682150, -0.04385856, 0.01832066, 0.05759574, -0.04360487, 0.02369015
1, 0.05718198, -0.04486383, 0.01828613, 0.05793366, -0.04470478, 0.02369755
1, 0.05753528, -0.04590562, 0.01823657, 0.05826230, -0.04584459, 0.02369159
1, 0.05788057, -0.04698661, 0.01817003, 0.05858060, -0.04702709, 0.02367139
1, 0.05821704, -0.04811029, 0.01808459, 0.05888744, -0.04825581, 0.02363622
1, 0.05854348, -0.04928004, 0.01797768, 0.05918135, -0.04953463, 0.02358528
1, 0.05885848, -0.05049981, 0.01784633, 0.05946066, -0.05086798, 0.02351775
1, 0.05915973, -0.05176969, 0.01768991, 0.05972205, -0.05225533, 0.02343123
1, 0.05944253, -0.05307780, 0.01751485, 0.05996003, -0.05368291, 0.02332015
1, 0.05970254, -0.05440954, 0.01733000, 0.06016932, -0.05513104, 0.02317783
1, 0.05993613, -0.05574872, 0.01714543, 0.06034677, -0.05657934, 0.02299860
1, 0.06014057, -0.05707835, 0.01697282, 0.06049043, -0.05800425, 0.02277691
1, 0.06031435, -0.05838010, 0.01682525, 0.06060075, -0.05938055, 0.02250806
1, 0.06045681, -0.05963453, 0.01671720, 0.06067972, -0.06068110, 0.02218816
1, 0.06056890, -0.06082071, 0.01666423, 0.06073125, -0.06187974, 0.02181523
1, 0.06065252, -0.06191713, 0.01668297, 0.06076039, -0.06296052, 0.02139212
1, 0.06071073, -0.06290132, 0.01679062, 0.06077404, -0.06386229, 0.02090762
1, 0.06074769, -0.06374971, 0.01700437, 0.06077837, -0.06448536, 0.02034118
1, 0.06076848, -0.06443820, 0.01734092, 0.06077907, -0.06488646, 0.01972397
1, 0.06077643, -0.06494158, 0.01781561, 0.06077907, -0.06508111, 0.01907189
1, 0.06077905, -0.06523432, 0.01844175, 0.06077905, -0.06523432, 0.01844175
2, 0.02695805, -0.01188259, 0.01451154, 0.02695805, -0.01188259, 0.01451154
2, 0.02694879, -0.01211071, 0.01431492, 0.02703130, -0.01167915, 0.01472118
2, 0.02700669, -0.01232873, 0.01416307, 0.02715908, -0.01153463, 0.01491260
2, 0.02712585, -0.01253904, 0.01405251, 0.02733651, -0.01144511, 0.01508910
2, 0.02730033, -0.01274361, 0.01397986, 0.02755929, -0.01140682, 0.01525359
2, 0.02752497, -0.01294435, 0.01394213, 0.02782282, -0.01141583, 0.01540824
2, 0.02779405, -0.01314271, 0.01393616, 0.02812272, -0.01146816, 0.01555488
2, 0.02810215, -0.01333997, 0.01395885, 0.02845429, -0.01155971, 0.01569491
2, 0.02844370, -0.01353719, 0.01400703, 0.02881321, -0.01168635, 0.01582964
2, 0.02881322, -0.01373525, 0.01407742, 0.02919483, -0.01184364, 0.01596001
2, 0.02920488, -0.01393478, 0.01416648, 0.02959419, -0.01202697, 0.01608680
2, 0.02961247, -0.01413610, 0.01427038, 0.03000684, -0.01223157, 0.01621094
2, 0.03003087, -0.01433978, 0.01438543, 0.03042740, -0.01245222, 0.01633297
2, 0.03045334, -0.01454571, 0.01450711, 0.03085130, -0.01268362, 0.01645383
2, 0.03087400, -0.01475390, 0.01463096, 0.03127289, -0.01291986, 0.01657409
2, 0.03128683, -0.01496402, 0.01475244, 0.03168761, -0.01315560, 0.01669449
2, 0.03169108, -0.01517624, 0.01487042, 0.03209490, -0.01338978, 0.01681531
2, 0.03208818, -0.01539112, 0.01498526, 0.03249621, -0.01362328, 0.01693687
2, 0.03247900, -0.01560895, 0.01509714, 0.03289195, -0.01385649, 0.01705900
2, 0.03286434, -0.01583001, 0.01520624, 0.03328298, -0.01409004, 0.01718189
2, 0.03324478, -0.01605449, 0.01531271, 0.03366995, -0.01432442, 0.01730549
2, 0.03362127, -0.01628276, 0.01541682, 0.03405380, -0.01456032, 0.01743002
2, 0.03399445, -0.01651508, 0.01551876, 0.03443517, -0.01479832, 0.01755547
2, 0.03436519, -0.01675183, 0.01561883, 0.03481458, -0.01503900, 0.01768180
2, 0.03473445, -0.01699352, 0.01571740, 0.03519310, -0.01528321, 0.01780926
2, 0.03510266, -0.01724032, 0.01581456, 0.03557131, -0.01553161, 0.01793782
2, 0.03547113, -0.01749301, 0.01591091, 0.03595012, -0.01578509, 0.01806768
2, 0.03584065, -0.01775203, 0.01600676, 0.03633032, -0.01604449, 0.01819889
2, 0.03621184, -0.01801782, 0.01610239, 0.03671275, -0.01631073, 0.01833161
2, 0.03658596, -0.01829119, 0.01619840, 0.03709818, -0.01658476, 0.01846595
2, 0.03696304, -0.01857235, 0.01629477, 0.03748712, -0.01686718, 0.01860206
2, 0.03734269, -0.01886126, 0.01639131, 0.03787894, -0.01715795, 0.01873960
2, 0.03772549, -0.01915848, 0.01648830, 0.03827391, -0.01745743, 0.01887869
2, 0.03811065, -0.01946373, 0.01658532, 0.03867164, -0.01776571, 0.01901910
2, 0.03849866, -0.01977752, 0.01668258, 0.03907202, -0.01808298, 0.01916075
2, 0.03888887, -0.02009970, 0.01677970, 0.03947516, -0.01840960, 0.01930367
2, 0.03928164, -0.02043076, 0.01687682, 0.03988090, -0.01874579, 0.01944775
2, 0.03967665, -0.02077076, 0.01697371, 0.04028901, -0.01909171, 0.01959282
2, 0.04007403, -0.02112006, 0.01707035, 0.04069968, -0.01944780, 0.01973896
2, 0.04047360, -0.02147881, 0.01716658, 0.04111248, -0.01981412, 0.01988586
2, 0.04087540, -0.02184735, 0.01726235, 0.04152760, -0.02019115, 0.02003362
2, 0.04127910, -0.02222575, 0.01735739, 0.04194468, -0.02057902, 0.02018196
2, 0.04168455, -0.02261421, 0.01745155, 0.04236380, -0.02097814, 0.02033090
2, 0.04209204, -0.02301326, 0.01754488, 0.04278482, -0.02138882, 0.02048030
2, 0.04250126, -0.02342299, 0.01763715, 0.04320749, -0.02181122, 0.02062994
2, 0.04291178, -0.02384341, 0.01772806, 0.04363166, -0.02224566, 0.02077974
2, 0.04332382, -0.02427498, 0.01781766, 0.04405717, -0.02269237, 0.02092955
2, 0.04373718, -0.02471788, 0.01790578, 0.04448402, -0.02315179, 0.02107938
2, 0.04415148, -0.02517217, 0.01799214, 0.04491170, -0.02362389, 0.02122884
2, 0.04456663, -0.02563809, 0.01807659, 0.04534007, -0.02410903, 0.02137782
2, 0.04498251, -0.02611594, 0.01815902, 0.04576910, -0.02460759, 0.02152626
2, 0.04539887, -0.02660583, 0.01823916, 0.04619837, -0.02511972, 0.02167387
2, 0.04581560, -0.02710811, 0.01831690, 0.04662778, -0.02564576, 0.02182050
2, 0.04623228, -0.02762275, 0.01839186, 0.04705678, -0.02618575, 0.02196574
2, 0.04664860, -0.02814988, 0.01846376, 0.04748545, -0.02674025, 0.02210960
2, 0.04706478, -0.02869013, 0.01853264, 0.04791334, -0.02730940, 0.02225172
2, 0.04748017, -0.02924330, 0.01859798, 0.04834021, -0.02789345, 0.02239184
2, 0.04789458, -0.02980966, 0.01865958, 0.04876565, -0.02849262, 0.02252964
2, 0.04830784, -0.03038939, 0.01871725, 0.04918932, -0.02910709, 0.02266478
2, 0.04871959, -0.03098252, 0.01877084, 0.04961093, -0.02973716, 0.02279699
2, 0.04912956, -0.03158913, 0.01882021, 0.05003008, -0.03038298, 0.02292587
2, 0.04953733, -0.03220911, 0.01886515, 0.05044633, -0.03104473, 0.02305104
2, 0.04994280, -0.03284276, 0.01890569, 0.05085909, -0.03172232, 0.02317190
2, 0.05034567, -0.03349015, 0.01894171, 0.05126814, -0.03241614, 0.02328824
2, 0.05074510, -0.03415065, 0.01897273, 0.05167290, -0.03312612, 0.02339946
2, 0.05114140, -0.03482508, 0.01899909, 0.05207296, -0.03385238, 0.02350512
2, 0.05153380, -0.03551293, 0.01902039, 0.05246777, -0.03459488, 0.02360467
2, 0.05192202, -0.03621425, 0.01903657, 0.05285689, -0.03535366, 0.02369760
2, 0.05230558, -0.03692884, 0.01904749, 0.05323960, -0.03612838, 0.02378319
2, 0.05268408, -0.03765656, 0.01905304, 0.05361571, -0.03691937, 0.02386116
2, 0.05305711, -0.03839728, 0.01905318, 0.05398438, -0.03772596, 0.02393058
2, 0.05342418, -0.03915073, 0.01904777, 0.05434521, -0.03854816, 0.02399099
2, 0.05378501, -0.03991715, 0.01903653, 0.05469793, -0.03938623, 0.02404189
2, 0.05413987, -0.04069812, 0.01901898, 0.05504256, -0.04024120, 0.02408294
2, 0.05448887, -0.04149516, 0.01899443, 0.05537940, -0.04111478, 0.02411409
2, 0.05483215, -0.04231002, 0.01896218, 0.05570847, -0.04200848, 0.02413508
2, 0.05516967, -0.04314440, 0.01892139, 0.05602974, -0.04292388, 0.02414559
2, 0.05550137, -0.04400011, 0.01887115, 0.05634330, -0.04386314, 0.02414550
2, 0.05582733, -0.04487963, 0.01881070, 0.05664876, -0.04482779, 0.02413424
2, 0.05614717, -0.04578468, 0.01873882, 0.05694599, -0.04582024, 0.02411159
2, 0.05646067, -0.04671777, 0.01865443, 0.05723447, -0.04684264, 0.02407705
2, 0.05676742, -0.04768142, 0.01855632, 0.05751372, -0.04789762, 0.02403021
2, 0.05706668, -0.04867771, 0.01844290, 0.05778294, -0.04898759, 0.02397039
2, 0.05735789, -0.04970981, 0.01831280, 0.05804117, -0.05011541, 0.02389698
2, 0.05764007, -0.05078069, 0.01816390, 0.05828724, -0.05128435, 0.02380934
2, 0.05791219, -0.05189416, 0.01799364, 0.05851983, -0.05249840, 0.02370696
2, 0.05817225, -0.05305003, 0.01780174, 0.05873623, -0.05375686, 0.02358777
2, 0.05841636, -0.05423763, 0.01759528, 0.05893191, -0.05504690, 0.02344657
2, 0.05864089, -0.05544392, 0.01738353, 0.05910268, -0.05635064, 0.02327718
2, 0.05884280, -0.05665437, 0.01717682, 0.05924613, -0.05764948, 0.02307420
2, 0.05901981, -0.05785401, 0.01698689, 0.05936103, -0.05892256, 0.02283242
2, 0.05917065, -0.05902689, 0.01682669, 0.05944805, -0.06014764, 0.02254730
2, 0.05929481, -0.06015625, 0.01671038, 0.05950924, -0.06130059, 0.02221484
2, 0.05939302, -0.06122411, 0.01665302, 0.05954832, -0.06235997, 0.02183323
2, 0.05946685, -0.06221189, 0.01667054, 0.05956923, -0.06331951, 0.02140683
2, 0.05951878, -0.06310028, 0.01677931, 0.05957855, -0.06410535, 0.02091823
2, 0.05955225, -0.06386892, 0.01699573, 0.05958125, -0.06456950, 0.02032996
2, 0.05957155, -0.06449701, 0.01733576, 0.05958169, -0.06489227, 0.01971060
2, 0.05957911, -0.06496241, 0.01781418, 0.05958169, -0.06508331, 0.01907031
2, 0.05958168, -0.06524255, 0.01844408, 0.05958168, -0.06524255, 0.01844408
3, 0.02780474, -0.01358170, 0.01656664, 0.02780474, -0.01358170, 0.01656664
3, 0.02778780, -0.01381183, 0.01636361, 0.02788592, -0.01337927, 0.01678261
3, 0.02783923, -0.01403483, 0.01620567, 0.02802072, -0.01323830, 0.01697956
3, 0.02795292, -0.01425264, 0.01608914, 0.02820437, -0.01315472, 0.01716076
3, 0.02812285, -0.01446689, 0.01601056, 0.02843260, -0.01312454, 0.01732904
3, 0.02834365, -0.01467917, 0.01596681, 0.02870076, -0.01314360, 0.01748654
3, 0.02860949, -0.01489069, 0.01595471, 0.02900442, -0.01320774, 0.01763509
3, 0.02891480, -0.01510253, 0.01597110, 0.02933890, -0.01331262, 0.01777610
3, 0.02925381, -0.01531549, 0.01601275, 0.02969996, -0.01345393, 0.01791096
3, 0.02962082, -0.01553028, 0.01607638, 0.03008280, -0.01362700, 0.01804062
3, 0.03001002, -0.01574733, 0.01615847, 0.03048257, -0.01382700, 0.01816595
3, 0.03041492, -0.01596673, 0.01625514, 0.03089480, -0.01404899, 0.01828792
3, 0.03083044, -0.01618887, 0.01636278, 0.03131431, -0.01428754, 0.01840722
3, 0.03124961, -0.01641333, 0.01647687, 0.03173635, -0.01453713, 0.01852477
3, 0.03166666, -0.01663992, 0.01659305, 0.03215560, -0.01479174, 0.01864129
3, 0.03207553, -0.01686806, 0.01670685, 0.03256749, -0.01504585, 0.01875757
3, 0.03247541, -0.01709781, 0.01681712, 0.03297163, -0.01529843, 0.01887393
3, 0.03286761, -0.01732973, 0.01692415, 0.03336932, -0.01555031, 0.01899063
3, 0.03325314, -0.01756419, 0.01702814, 0.03376085, -0.01580185, 0.01910739
3, 0.03363267, -0.01780144, 0.01712921, 0.03414732, -0.01605380, 0.01922451
3, 0.03400699, -0.01804179, 0.01722756, 0.03452922, -0.01630658, 0.01934185
3, 0.03437678, -0.01828552, 0.01732332, 0.03490755, -0.01656095, 0.01945965
3, 0.03474285, -0.01853301, 0.01741672, 0.03528293, -0.01681748, 0.01957788
3, 0.03510600, -0.01878465, 0.01750799, 0.03565581, -0.01707672, 0.01969645
3, 0.03546728, -0.01904103, 0.01759753, 0.03602729, -0.01733958, 0.01981562
3, 0.03582684, -0.01930223, 0.01768527, 0.03639792, -0.01760670, 0.01993533
3, 0.03618624, -0.01956918, 0.01777186, 0.03676868, -0.01787903, 0.02005581
3, 0.03654616, -0.01984234, 0.01785755, 0.03714016, -0.01815733, 0.02017701
3, 0.03690709, -0.02012211, 0.01794250, 0.03751322, -0.01844254, 0.02029908
3, 0.03727043, -0.02040945, 0.01802734, 0.03788873, -0.01873568, 0.02042218
3, 0.03763600, -0.02070443, 0.01811193, 0.03826693, -0.01903721, 0.02054631
3, 0.03800355, -0.02100708, 0.01819614, 0.03864745, -0.01934720, 0.02067125
3, 0.03837362, -0.02131793, 0.01828022, 0.03903030, -0.01966587, 0.02079697
3, 0.03874539, -0.02163665, 0.01836372, 0.03941523, -0.01999336, 0.02092330
3, 0.03911929, -0.02196371, 0.01844683, 0.03980209, -0.02032982, 0.02105012
3, 0.03949468, -0.02229893, 0.01852914, 0.04019095, -0.02067556, 0.02117743
3, 0.03987198, -0.02264282, 0.01861082, 0.04058168, -0.02103082, 0.02130513
3, 0.04025083, -0.02299539, 0.01869160, 0.04097395, -0.02139565, 0.02143295
3, 0.04063132, -0.02335695, 0.01877145, 0.04136798, -0.02177050, 0.02156099
3, 0.04101325, -0.02372760, 0.01885018, 0.04176328, -0.02215536, 0.02168889
3, 0.04139663, -0.02410764, 0.01892771, 0.04216008, -0.02255071, 0.02181674
3, 0.04178115, -0.02449710, 0.01900377, 0.04255799, -0.02295661, 0.02194424
3, 0.04216668, -0.02489618, 0.01907820, 0.04295702, -0.02337340, 0.02207132
3, 0.04255346, -0.02530534, 0.01915105, 0.04335713, -0.02380141, 0.02219792
3, 0.04294114, -0.02572456, 0.01922202, 0.04375787, -0.02424064, 0.02232366
3, 0.04332937, -0.02615389, 0.01929087, 0.04415925, -0.02469143, 0.02244855
3, 0.04371831, -0.02659369, 0.01935761, 0.04456102, -0.02515392, 0.02257239
3, 0.04410774, -0.02704407, 0.01942206, 0.04496319, -0.02562848, 0.02269516
3, 0.04449726, -0.02750500, 0.01948391, 0.04536519, -0.02611498, 0.02281642
3, 0.04488687, -0.02797676, 0.01954309, 0.04576697, -0.02661376, 0.02293612
3, 0.04527641, -0.02845952, 0.01959945, 0.04616838, -0.02712506, 0.02305412
3, 0.04566553, -0.02895325, 0.01965266, 0.04656914, -0.02764903, 0.02317019
3, 0.04605429, -0.02945837, 0.01970272, 0.04696899, -0.02818582, 0.02328408
3, 0.04644216, -0.02997469, 0.01974918, 0.04736748, -0.02873546, 0.02339542
3, 0.04682886, -0.03050227, 0.01979178, 0.04776461, -0.02929834, 0.02350417
3, 0.04721466, -0.03104171, 0.01983059, 0.04816007, -0.02987461, 0.02361004
3, 0.04759887, -0.03159269, 0.01986510, 0.04855351, -0.03046436, 0.02371272
3, 0.04798137, -0.03215542, 0.01989511, 0.04894459, -0.03106768, 0.02381189
3, 0.04836193, -0.03272998, 0.01992044, 0.04933297, -0.03168469, 0.02390727
3, 0.04874027, -0.03331635, 0.01994092, 0.04971839, -0.03231552, 0.02399862
3, 0.04911609, -0.03391452, 0.01995642, 0.05010047, -0.03296014, 0.02408561
3, 0.04948900, -0.03452426, 0.01996669, 0.05047887, -0.03361871, 0.02416801
3, 0.04985898, -0.03514592, 0.01997179, 0.05085300, -0.03429089, 0.02424528
3, 0.05022566, -0.03577936, 0.01997155, 0.05122269, -0.03497697, 0.02431731
3, 0.05058829, -0.03642391, 0.01996549, 0.05158745, -0.03567677, 0.02438366
3, 0.05094717, -0.03708029, 0.01995393, 0.05194692, -0.03639024, 0.02444400
3, 0.05130166, -0.03774798, 0.01993649, 0.05230062, -0.03711723, 0.02449793
3, 0.05165144, -0.03842686, 0.01991308, 0.05264811, -0.03785757, 0.02454507
3, 0.05199609, -0.03911666, 0.01988352, 0.05298888, -0.03861090, 0.02458494
3, 0.05233526, -0.03981714, 0.01984772, 0.05332274, -0.03937741, 0.02461742
3, 0.05266867, -0.04052819, 0.01980564, 0.05364895, -0.04015626, 0.02464176
3, 0.05299587, -0.04124944, 0.01975714, 0.05396725, -0.04094746, 0.02465779
3, 0.05331659, -0.04198092, 0.01970194, 0.05427735, -0.04175103, 0.02466509
3, 0.05363118, -0.04272411, 0.01963974, 0.05457931, -0.04256788, 0.02466341
3, 0.05393980, -0.04348027, 0.01957003, 0.05487336, -0.04339946, 0.02465270
3, 0.05424263, -0.04425097, 0.01949232, 0.05515957, -0.04424711, 0.02463276
3, 0.05453968, -0.04503763, 0.01940597, 0.05543789, -0.04511211, 0.02460328
3, 0.05483091, -0.04584175, 0.01931028, 0.05570838, -0.04599632, 0.02456418
3, 0.05511650, -0.04666554, 0.01920475, 0.05597071, -0.04690090, 0.02451490
3, 0.05539617, -0.04751052, 0.01908847, 0.05622474, -0.04782784, 0.02445524
3, 0.05566976, -0.04837875, 0.01896063, 0.05647011, -0.04877908, 0.02438485
3, 0.05593699, -0.04927249, 0.01882037, 0.05670635, -0.04975657, 0.02430327
3, 0.05619722, -0.05019331, 0.01866643, 0.05693283, -0.05076238, 0.02420997
3, 0.05645005, -0.05114411, 0.01849789, 0.05714875, -0.05179877, 0.02410439
3, 0.05669470, -0.05212734, 0.01831307, 0.05735319, -0.05286836, 0.02398599
3, 0.05693037, -0.05314643, 0.01811000, 0.05754507, -0.05397445, 0.02385436
3, 0.05715533, -0.05420077, 0.01788887, 0.05772221, -0.05511599, 0.02370761
3, 0.05736638, -0.05528080, 0.01765718, 0.05788099, -0.05628109, 0.02354088
3, 0.05756055, -0.05637494, 0.01742447, 0.05801817, -0.05745356, 0.02334843
3, 0.05773527, -0.05747019, 0.01720111, 0.05813200, -0.05861654, 0.02312513
3, 0.05788870, -0.05855344, 0.01699876, 0.05822190, -0.05975168, 0.02286614
3, 0.05801979, -0.05961084, 0.01683010, 0.05828873, -0.06083942, 0.02256710
3, 0.05812817, -0.06062809, 0.01670886, 0.05833458, -0.06185849, 0.02222403
3, 0.05821438, -0.06158973, 0.01664950, 0.05836298, -0.06279057, 0.02183499
3, 0.05827971, -0.06247987, 0.01666718, 0.05837696, -0.06363087, 0.02140343
3, 0.05832619, -0.06328196, 0.01677745, 0.05838270, -0.06430750, 0.02091115
3, 0.05835659, -0.06397849, 0.01699583, 0.05838409, -0.06464153, 0.02030944
3, 0.05837457, -0.06455162, 0.01733754, 0.05838431, -0.06489956, 0.01969231
3, 0.05838178, -0.06498200, 0.01781671, 0.05838431, -0.06508649, 0.01906541
3, 0.05838430, -0.06524972, 0.01844610, 0.05838430, -0.06524972, 0.01844610
4, 0.02844010, -0.01521578, 0.01854053, 0.02844010, -0.01521578, 0.01854053
4, 0.02841691, -0.01544140, 0.01833741, 0.02852707, -0.01502046, 0.01875609
4, 0.02846215, -0.01566371, 0.01817799, 0.02866657, -0.01488753, 0.01895279
4, 0.02856970, -0.01588409, 0.01805858, 0.02885400, -0.01481284, 0.01913368
4, 0.02873357, -0.01610373, 0.01797576, 0.02908514, -0.01479231, 0.01930145
4, 0.02894833, -0.01632383, 0.01792645, 0.02935535, -0.01482173, 0.01945812
4, 0.02920817, -0.01654530, 0.01790754, 0.02966026, -0.01489685, 0.01960544
4, 0.02950750, -0.01676890, 0.01791600, 0.02999522, -0.01501327, 0.01974481
4, 0.02984050, -0.01699518, 0.01794865, 0.03035612, -0.01516666, 0.01987761
4, 0.03020143, -0.01722457, 0.01800234, 0.03073807, -0.01535225, 0.02000475
4, 0.03058456, -0.01745729, 0.01807373, 0.03113640, -0.01556520, 0.02012714
4, 0.03098338, -0.01769314, 0.01815908, 0.03154669, -0.01580055, 0.02024578
4, 0.03139287, -0.01793231, 0.01825499, 0.03196394, -0.01605290, 0.02036139
4, 0.03180602, -0.01817405, 0.01835712, 0.03238337, -0.01631667, 0.02047485
4, 0.03221728, -0.01841796, 0.01846139, 0.03279996, -0.01658592, 0.02058694
4, 0.03262066, -0.01866316, 0.01856357, 0.03320920, -0.01685515, 0.02069844
4, 0.03301516, -0.01890958, 0.01866250, 0.03361063, -0.01712323, 0.02080964
4, 0.03340176, -0.01915761, 0.01875836, 0.03400527, -0.01739084, 0.02092069
4, 0.03378142, -0.01940765, 0.01885131, 0.03439320, -0.01765822, 0.02103124
4, 0.03415474, -0.01965992, 0.01894140, 0.03477568, -0.01792616, 0.02114163
4, 0.03452261, -0.01991484, 0.01902885, 0.03515306, -0.01819503, 0.02125169
4, 0.03488552, -0.02017262, 0.01911368, 0.03552640, -0.01846560, 0.02136164
4, 0.03524437, -0.02043375, 0.01919613, 0.03589626, -0.01873844, 0.02147144
4, 0.03559989, -0.02069861, 0.01927635, 0.03626307, -0.01901405, 0.02158098
4, 0.03595318, -0.02096786, 0.01935472, 0.03662793, -0.01929335, 0.02169051
4, 0.03630420, -0.02124155, 0.01943104, 0.03699135, -0.01957696, 0.02179997
4, 0.03665460, -0.02152068, 0.01950597, 0.03735434, -0.01986583, 0.02190957
4, 0.03700500, -0.02180575, 0.01957968, 0.03771736, -0.02016063, 0.02201922
4, 0.03735578, -0.02209713, 0.01965222, 0.03808125, -0.02046232, 0.02212905
4, 0.03770841, -0.02239586, 0.01972421, 0.03844695, -0.02077192, 0.02223927
4, 0.03806256, -0.02270196, 0.01979542, 0.03881451, -0.02108978, 0.02234976
4, 0.03841812, -0.02301553, 0.01986572, 0.03918379, -0.02141607, 0.02246042
4, 0.03877561, -0.02333706, 0.01993538, 0.03955464, -0.02175092, 0.02257111
4, 0.03913423, -0.02366625, 0.02000389, 0.03992696, -0.02209452, 0.02268174
4, 0.03949437, -0.02400353, 0.02007143, 0.04030059, -0.02244701, 0.02279216
4, 0.03985542, -0.02434872, 0.02013759, 0.04067554, -0.02280865, 0.02290234
4, 0.04021781, -0.02470231, 0.02020253, 0.04105175, -0.02317968, 0.02301220
4, 0.04058118, -0.02506428, 0.02026598, 0.04142879, -0.02356007, 0.02312141
4, 0.04094559, -0.02543489, 0.02032789, 0.04180689, -0.02395025, 0.02323005
4, 0.04131080, -0.02581422, 0.02038803, 0.04218556, -0.02435019, 0.02333776
4, 0.04167682, -0.02620249, 0.02044632, 0.04256500, -0.02476031, 0.02344459
4, 0.04204337, -0.02659974, 0.02050251, 0.04294484, -0.02518064, 0.02355025
4, 0.04241030, -0.02700612, 0.02055642, 0.04332504, -0.02561146, 0.02365463
4, 0.04277785, -0.02742205, 0.02060808, 0.04370558, -0.02605308, 0.02375765
4, 0.04314558, -0.02784744, 0.02065715, 0.04408592, -0.02650538, 0.02385890
4, 0.04351328, -0.02828233, 0.02070345, 0.04446617, -0.02696873, 0.02395841
4, 0.04388100, -0.02872700, 0.02074696, 0.04484602, -0.02744317, 0.02405594
4, 0.04424854, -0.02918154, 0.02078749, 0.04522546, -0.02792901, 0.02415147
4, 0.04461550, -0.02964581, 0.02082472, 0.04560393, -0.02842606, 0.02424454
4, 0.04498195, -0.03012012, 0.02085865, 0.04598139, -0.02893459, 0.02433511
4, 0.04534765, -0.03060454, 0.02088905, 0.04635765, -0.02945477, 0.02442300
4, 0.04571224, -0.03109895, 0.02091563, 0.04673251, -0.02998673, 0.02450805
4, 0.04607587, -0.03160377, 0.02093840, 0.04710559, -0.03053045, 0.02458991
4, 0.04643795, -0.03211871, 0.02095693, 0.04747656, -0.03108595, 0.02466829
4, 0.04679823, -0.03264377, 0.02097096, 0.04784531, -0.03165347, 0.02474308
4, 0.04715699, -0.03317950, 0.02098059, 0.04821163, -0.03223316, 0.02481408
4, 0.04751356, -0.03372550, 0.02098532, 0.04857517, -0.03282498, 0.02488095
4, 0.04786783, -0.03428192, 0.02098498, 0.04893554, -0.03342890, 0.02494337
4, 0.04821958, -0.03484875, 0.02097939, 0.04929251, -0.03404501, 0.02500114
4, 0.04856853, -0.03542594, 0.02096838, 0.04964577, -0.03467324, 0.02505404
4, 0.04891442, -0.03601340, 0.02095182, 0.04999498, -0.03531348, 0.02510182
4, 0.04925684, -0.03661084, 0.02092944, 0.05033990, -0.03596581, 0.02514438
4, 0.04959588, -0.03721859, 0.02090134, 0.05067994, -0.03662975, 0.02518125
4, 0.04993109, -0.03783637, 0.02086729, 0.05101495, -0.03730545, 0.02521238
4, 0.05026181, -0.03846351, 0.02082685, 0.05134455, -0.03799269, 0.02523750
4, 0.05058834, -0.03910061, 0.02078030, 0.05166839, -0.03869125, 0.02525637
4, 0.05091012, -0.03974715, 0.02072731, 0.05198607, -0.03940090, 0.02526874
4, 0.05122683, -0.04040292, 0.02066774, 0.05229718, -0.04012133, 0.02527431
4, 0.05153812, -0.04106761, 0.02060142, 0.05260134, -0.04085221, 0.02527284
4, 0.05184370, -0.04174094, 0.02052825, 0.05289841, -0.04159359, 0.02526433
4, 0.05214341, -0.04242288, 0.02044822, 0.05318775, -0.04234460, 0.02524820
4, 0.05243684, -0.04311300, 0.02036117, 0.05346919, -0.04310522, 0.02522448
4, 0.05272375, -0.04381122, 0.02026684, 0.05374246, -0.04387536, 0.02519286
4, 0.05300455, -0.04451891, 0.02016510, 0.05400762, -0.04465580, 0.02515316
4, 0.05327941, -0.04523712, 0.02005557, 0.05426486, -0.04544775, 0.02510531
4, 0.05354854, -0.04596724, 0.01993795, 0.05451426, -0.04625241, 0.02504917
4, 0.05381199, -0.04671048, 0.01981176, 0.05475574, -0.04707078, 0.02498446
4, 0.05406972, -0.04746807, 0.01967650, 0.05498937, -0.04790444, 0.02491109
4, 0.05432196, -0.04824198, 0.01953187, 0.05521483, -0.04875427, 0.02482856
4, 0.05456852, -0.04903355, 0.01937722, 0.05543198, -0.04962188, 0.02473666
4, 0.05480926, -0.04984448, 0.01921196, 0.05564059, -0.05050898, 0.02463516
4, 0.05504401, -0.05067677, 0.01903550, 0.05584018, -0.05141698, 0.02452358
4, 0.05527219, -0.05153162, 0.01884687, 0.05603026, -0.05234762, 0.02440150
4, 0.05549355, -0.05241164, 0.01864549, 0.05621019, -0.05330266, 0.02426841
4, 0.05570738, -0.05331871, 0.01843018, 0.05637918, -0.05428399, 0.02412377
4, 0.05591303, -0.05425555, 0.01819973, 0.05653636, -0.05529397, 0.02396713
4, 0.05610897, -0.05522107, 0.01795497, 0.05668001, -0.05633102, 0.02379663
4, 0.05629260, -0.05620668, 0.01770362, 0.05680726, -0.05738415, 0.02360772
4, 0.05646150, -0.05720212, 0.01745529, 0.05691578, -0.05843883, 0.02339513
4, 0.05661354, -0.05819585, 0.01722025, 0.05700439, -0.05947985, 0.02315399
4, 0.05674725, -0.05917641, 0.01700992, 0.05707303, -0.06049113, 0.02287986
4, 0.05686177, -0.06013183, 0.01683656, 0.05712279, -0.06145559, 0.02256863
4, 0.05695688, -0.06104994, 0.01671338, 0.05715572, -0.06235460, 0.02221643
4, 0.05703298, -0.06191754, 0.01665414, 0.05717521, -0.06317141, 0.02182090
4, 0.05709112, -0.06272105, 0.01667319, 0.05718359, -0.06389450, 0.02138211
4, 0.05713296, -0.06344634, 0.01678519, 0.05718648, -0.06446869, 0.02088647
4, 0.05716073, -0.06407843, 0.01700475, 0.05718687, -0.06470143, 0.02027962
4, 0.05717756, -0.06460204, 0.01734626, 0.05718693, -0.06490834, 0.01966912
4, 0.05718444, -0.06500033, 0.01782319, 0.05718693, -0.06509063, 0.01905720
4, 0.05718693, -0.06525582, 0.01844783, 0.05718693, -0.06525582, 0.01844783
5, 0.02886414, -0.01678424, 0.02043369, 0.02886414, -0.01678424, 0.02043369
5, 0.02883610, -0.01699961, 0.02023615, 0.02895474, -0.01660127, 0.02064277
5, 0.02887546, -0.01721615, 0.02007932, 0.02909664, -0.01647998, 0.02083404
5, 0.02897620, -0.01743461, 0.01995965, 0.02928542, -0.01641626, 0.02101024
5, 0.02913249, -0.01765570, 0.01987391, 0.02951691, -0.01640610, 0.02117378
5, 0.02933901, -0.01788017, 0.01981921, 0.02978662, -0.01644536, 0.02132652
5, 0.02959009, -0.01810852, 0.01979263, 0.03009025, -0.01652986, 0.02147008
5, 0.02988025, -0.01834120, 0.01979136, 0.03042327, -0.01665531, 0.02160575
5, 0.03020377, -0.01857840, 0.01981247, 0.03078167, -0.01681749, 0.02173485
5, 0.03055505, -0.01882027, 0.01985306, 0.03116064, -0.01701174, 0.02185822
5, 0.03092852, -0.01906676, 0.01991007, 0.03155567, -0.01723337, 0.02197675
5, 0.03131783, -0.01931739, 0.01998008, 0.03196249, -0.01747757, 0.02209139
5, 0.03171814, -0.01957208, 0.02006004, 0.03237629, -0.01773916, 0.02220283
5, 0.03212258, -0.01982976, 0.02014595, 0.03279237, -0.01801271, 0.02231185
5, 0.03252587, -0.02008980, 0.02023417, 0.03320597, -0.01829256, 0.02241921
5, 0.03292222, -0.02035104, 0.02032088, 0.03361273, -0.01857336, 0.02252561
5, 0.03331032, -0.02061316, 0.02040492, 0.03401192, -0.01885385, 0.02263126
5, 0.03369062, -0.02087632, 0.02048630, 0.03440407, -0.01913432, 0.02273618
5, 0.03406384, -0.02114080, 0.02056511, 0.03478900, -0.01941482, 0.02283997
5, 0.03443055, -0.02140687, 0.02064135, 0.03516805, -0.01969613, 0.02294299
5, 0.03479163, -0.02167495, 0.02071520, 0.03554147, -0.01997858, 0.02304502
5, 0.03514749, -0.02194531, 0.02078660, 0.03591034, -0.02026290, 0.02314630
5, 0.03549902, -0.02221845, 0.02085576, 0.03627517, -0.02054963, 0.02324676
5, 0.03584686, -0.02249477, 0.02092274, 0.03663638, -0.02083923, 0.02334629
5, 0.03619215, -0.02277497, 0.02098790, 0.03699502, -0.02113257, 0.02344513
5, 0.03653472, -0.02305911, 0.02105092, 0.03735159, -0.02143024, 0.02354320
5, 0.03687620, -0.02334822, 0.02111242, 0.03770711, -0.02173315, 0.02364075
5, 0.03721717, -0.02364282, 0.02117248, 0.03806192, -0.02204190, 0.02373763
5, 0.03755791, -0.02394328, 0.02123104, 0.03841683, -0.02235738, 0.02383395
5, 0.03789989, -0.02425069, 0.02128867, 0.03877283, -0.02268059, 0.02392997
5, 0.03824272, -0.02456503, 0.02134507, 0.03912985, -0.02301183, 0.02402550
5, 0.03858640, -0.02488649, 0.02140012, 0.03948796, -0.02335132, 0.02412054
5, 0.03893147, -0.02521558, 0.02145404, 0.03984693, -0.02369916, 0.02421489
5, 0.03927718, -0.02555205, 0.02150634, 0.04020683, -0.02405560, 0.02430854
5, 0.03962390, -0.02589631, 0.02155712, 0.04056751, -0.02442079, 0.02440136
5, 0.03997107, -0.02624820, 0.02160601, 0.04092893, -0.02479494, 0.02449326
5, 0.04031913, -0.02660817, 0.02165316, 0.04129110, -0.02517827, 0.02458419
5, 0.04066771, -0.02697621, 0.02169829, 0.04165353, -0.02557073, 0.02467379
5, 0.04101684, -0.02735249, 0.02174132, 0.04201641, -0.02597269, 0.02476212
5, 0.04136627, -0.02773708, 0.02178205, 0.04237931, -0.02638410, 0.02484882
5, 0.04171599, -0.02813016, 0.02182036, 0.04274237, -0.02680532, 0.02493393
5, 0.04206576, -0.02853176, 0.02185602, 0.04310524, -0.02723637, 0.02501715
5, 0.04241542, -0.02894198, 0.02188883, 0.04346784, -0.02767747, 0.02509833
5, 0.04276519, -0.02936120, 0.02191885, 0.04383017, -0.02812889, 0.02517741
5, 0.04311458, -0.02978925, 0.02194567, 0.04419165, -0.02859045, 0.02525395
5, 0.04346349, -0.03022623, 0.02196920, 0.04455243, -0.02906249, 0.02532799
5, 0.04381189, -0.03067228, 0.02198935, 0.04491218, -0.02954501, 0.02539928
5, 0.04415960, -0.03112749, 0.02200595, 0.04527084, -0.03003821, 0.02546776
5, 0.04450621, -0.03159168, 0.02201870, 0.04562792, -0.03054193, 0.02553303
5, 0.04485185, -0.03206516, 0.02202759, 0.04598334, -0.03105634, 0.02559499
5, 0.04519624, -0.03254789, 0.02203241, 0.04633691, -0.03158154, 0.02565348
5, 0.04553900, -0.03303971, 0.02203284, 0.04668847, -0.03211767, 0.02570835
5, 0.04588033, -0.03354101, 0.02202895, 0.04703760, -0.03266456, 0.02575924
5, 0.04621964, -0.03405144, 0.02202031, 0.04738401, -0.03322221, 0.02580591
5, 0.04655671, -0.03457096, 0.02200670, 0.04772754, -0.03379074, 0.02584822
5, 0.04689179, -0.03510002, 0.02198821, 0.04806805, -0.03437026, 0.02588602
5, 0.04722424, -0.03563820, 0.02196440, 0.04840517, -0.03496064, 0.02591897
5, 0.04755398, -0.03618561, 0.02193512, 0.04873852, -0.03556179, 0.02594679
5, 0.04788077, -0.03674214, 0.02190018, 0.04906792, -0.03617370, 0.02596932
5, 0.04820437, -0.03730771, 0.02185945, 0.04939307, -0.03679622, 0.02598639
5, 0.04852453, -0.03788219, 0.02181277, 0.04971362, -0.03742911, 0.02599781
5, 0.04884087, -0.03846524, 0.02175991, 0.05002942, -0.03807243, 0.02600359
5, 0.04915350, -0.03905719, 0.02170096, 0.05033989, -0.03872559, 0.02600331
5, 0.04946195, -0.03965762, 0.02163568, 0.05064492, -0.03938861, 0.02599701
5, 0.04976567, -0.04026591, 0.02156367, 0.05094419, -0.04006123, 0.02598452
5, 0.05006490, -0.04088254, 0.02148517, 0.05123736, -0.04074316, 0.02596569
5, 0.05035918, -0.04150700, 0.02139989, 0.05152411, -0.04143407, 0.02594038
5, 0.05064819, -0.04213902, 0.02130770, 0.05180408, -0.04213358, 0.02590840
5, 0.05093168, -0.04277833, 0.02120843, 0.05207698, -0.04284139, 0.02586966
5, 0.05120940, -0.04342467, 0.02110196, 0.05234273, -0.04355750, 0.02582425
5, 0.05148133, -0.04407810, 0.02098832, 0.05260077, -0.04428107, 0.02577178
5, 0.05174709, -0.04473822, 0.02086733, 0.05285102, -0.04501210, 0.02571238
5, 0.05200651, -0.04540495, 0.02073876, 0.05309324, -0.04575043, 0.02564586
5, 0.05225999, -0.04607950, 0.02060259, 0.05332748, -0.04649673, 0.02557208
5, 0.05250770, -0.04676280, 0.02045857, 0.05355389, -0.04725203, 0.02549098
5, 0.05274989, -0.04745605, 0.02030652, 0.05377253, -0.04801731, 0.02540247
5, 0.05298659, -0.04816032, 0.02014614, 0.05398331, -0.04879342, 0.02530628
5, 0.05321779, -0.04887661, 0.01997704, 0.05418627, -0.04958162, 0.02520233
5, 0.05344369, -0.04960665, 0.01979907, 0.05438113, -0.05038261, 0.02509021
5, 0.05366420, -0.05035166, 0.01961181, 0.05456773, -0.05119761, 0.02496969
5, 0.05387917, -0.05111304, 0.01941482, 0.05474590, -0.05202815, 0.02484063
5, 0.05408847, -0.05189254, 0.01920772, 0.05491520, -0.05287518, 0.02470255
5, 0.05429160, -0.05269114, 0.01898975, 0.05507525, -0.05374018, 0.02455515
5, 0.05448837, -0.05351113, 0.01876060, 0.05522549, -0.05462441, 0.02439795
5, 0.05467809, -0.05435371, 0.01851965, 0.05536524, -0.05552901, 0.02423036
5, 0.05486015, -0.05522066, 0.01826669, 0.05549373, -0.05645514, 0.02405171
5, 0.05503317, -0.05611024, 0.01800331, 0.05560961, -0.05740051, 0.02386010
5, 0.05519502, -0.05701473, 0.01773730, 0.05571073, -0.05835499, 0.02365129
5, 0.05534374, -0.05792506, 0.01747818, 0.05579550, -0.05930562, 0.02342047
5, 0.05547760, -0.05883106, 0.01723596, 0.05586328, -0.06023878, 0.02316314
5, 0.05559545, -0.05972274, 0.01702165, 0.05591444, -0.06114049, 0.02287523
5, 0.05569660, -0.06058974, 0.01684700, 0.05595022, -0.06199587, 0.02255295
5, 0.05578095, -0.06142175, 0.01672458, 0.05597267, -0.06278874, 0.02219269
5, 0.05584882, -0.06220749, 0.01666736, 0.05598502, -0.06350239, 0.02179130
5, 0.05590107, -0.06293539, 0.01668881, 0.05598910, -0.06411034, 0.02134309
5, 0.05593908, -0.06359343, 0.01680265, 0.05598991, -0.06458887, 0.02084430
5, 0.05596466, -0.06416873, 0.01702253, 0.05598960, -0.06474920, 0.02024052
5, 0.05598050, -0.06464825, 0.01736196, 0.05598955, -0.06491860, 0.01964101
5, 0.05598711, -0.06501742, 0.01783363, 0.05598955, -0.06509575, 0.01904567
5, 0.05598955, -0.06526085, 0.01844925, 0.05598955, -0.06526085, 0.01844925
6, 0.02907684, -0.01828652, 0.02224658, 0.02907684, -0.01828652, 0.02224658
6, 0.02904539, -0.01848664, 0.02205967, 0.02916893, -0.01812031, 0.02244376
6, 0.02907916, -0.01869288, 0.02190896, 0.02931092, -0.01801342, 0.02262503
6, 0.02917240, -0.01890539, 0.02179122, 0.02949861, -0.01796197, 0.02279273
6, 0.02931961, -0.01912432, 0.02170353, 0.02972792, -0.01796212, 0.02294890
6, 0.02951570, -0.01934993, 0.02164333, 0.02999455, -0.01800995, 0.02309517
6, 0.02975525, -0.01958229, 0.02160803, 0.03029439, -0.01810154, 0.02323298
6, 0.03003304, -0.01982145, 0.02159514, 0.03062303, -0.01823287, 0.02336344
6, 0.03034363, -0.02006724, 0.02160211, 0.03097663, -0.01839995, 0.02348774
6, 0.03068167, -0.02031948, 0.02162641, 0.03135051, -0.01859845, 0.02360661
6, 0.03104189, -0.02057781, 0.02166542, 0.03174040, -0.01882398, 0.02372082
6, 0.03141829, -0.02084147, 0.02171615, 0.03214222, -0.01907211, 0.02383124
6, 0.03180626, -0.02111005, 0.02177603, 0.03255138, -0.01933800, 0.02393845
6, 0.03219928, -0.02138225, 0.02184157, 0.03296334, -0.01961662, 0.02404307
6, 0.03259241, -0.02165712, 0.02190971, 0.03337365, -0.01990272, 0.02414576
6, 0.03298022, -0.02193328, 0.02197719, 0.03377810, -0.02019135, 0.02424705
6, 0.03336090, -0.02221009, 0.02204286, 0.03417549, -0.02048092, 0.02434702
6, 0.03373419, -0.02248730, 0.02210654, 0.03456570, -0.02077119, 0.02444560
6, 0.03410040, -0.02276501, 0.02216817, 0.03494826, -0.02106193, 0.02454235
6, 0.03446011, -0.02304354, 0.02222776, 0.03532443, -0.02135382, 0.02463759
6, 0.03481406, -0.02332333, 0.02228537, 0.03569446, -0.02164717, 0.02473113
6, 0.03516267, -0.02360467, 0.02234091, 0.03605938, -0.02194264, 0.02482317
6, 0.03550679, -0.02388809, 0.02239453, 0.03641965, -0.02224067, 0.02491364
6, 0.03584693, -0.02417401, 0.02244619, 0.03677572, -0.02254173, 0.02500244
6, 0.03618420, -0.02446315, 0.02249618, 0.03712856, -0.02284656, 0.02508980
6, 0.03651842, -0.02475560, 0.02254415, 0.03747865, -0.02315571, 0.02517565
6, 0.03685104, -0.02505235, 0.02259054, 0.03782698, -0.02347001, 0.02526023
6, 0.03718268, -0.02535399, 0.02263540, 0.03817383, -0.02378998, 0.02534338
6, 0.03751347, -0.02566085, 0.02267856, 0.03851997, -0.02411643, 0.02542522
6, 0.03784488, -0.02597406, 0.02272051, 0.03886638, -0.02445028, 0.02550601
6, 0.03817648, -0.02629361, 0.02276085, 0.03921295, -0.02479178, 0.02558556
6, 0.03850839, -0.02661978, 0.02279948, 0.03955997, -0.02514124, 0.02566394
6, 0.03884118, -0.02695313, 0.02283657, 0.03990717, -0.02549874, 0.02574095
6, 0.03917424, -0.02729351, 0.02287163, 0.04025483, -0.02586462, 0.02581667
6, 0.03950787, -0.02764134, 0.02290468, 0.04060285, -0.02623906, 0.02589099
6, 0.03984165, -0.02799650, 0.02293540, 0.04095114, -0.02662220, 0.02596377
6, 0.04017594, -0.02835939, 0.02296389, 0.04129974, -0.02701428, 0.02603502
6, 0.04051043, -0.02872999, 0.02298993, 0.04164816, -0.02741519, 0.02610433
6, 0.04084506, -0.02910841, 0.02301339, 0.04199655, -0.02782526, 0.02617176
6, 0.04117964, -0.02949471, 0.02303407, 0.04234453, -0.02824445, 0.02623698
6, 0.04151413, -0.02988903, 0.02305186, 0.04269218, -0.02867304, 0.02629998
6, 0.04184832, -0.03029139, 0.02306655, 0.04303918, -0.02911103, 0.02636047
6, 0.04218204, -0.03070184, 0.02307795, 0.04338543, -0.02955859, 0.02641832
6, 0.04251549, -0.03112073, 0.02308607, 0.04373090, -0.03001593, 0.02647342
6, 0.04284814, -0.03154781, 0.02309052, 0.04407506, -0.03048289, 0.02652537
6, 0.04318002, -0.03198326, 0.02309127, 0.04441802, -0.03095972, 0.02657418
6, 0.04351098, -0.03242710, 0.02308814, 0.04475948, -0.03144642, 0.02661963
6, 0.04384090, -0.03287942, 0.02308103, 0.04509931, -0.03194308, 0.02666158
6, 0.04416938, -0.03334000, 0.02306962, 0.04543715, -0.03244960, 0.02669974
6, 0.04449657, -0.03380915, 0.02305393, 0.04577282, -0.03296603, 0.02673393
6, 0.04482217, -0.03428677, 0.02303372, 0.04610614, -0.03349245, 0.02676401
6, 0.04514580, -0.03477265, 0.02300870, 0.04643703, -0.03402897, 0.02678986
6, 0.04546769, -0.03526715, 0.02297895, 0.04676500, -0.03457534, 0.02681112
6, 0.04578724, -0.03576988, 0.02294408, 0.04708983, -0.03513153, 0.02682760
6, 0.04610430, -0.03628077, 0.02290392, 0.04741129, -0.03569753, 0.02683913
6, 0.04641903, -0.03680018, 0.02285855, 0.04772931, -0.03627342, 0.02684562
6, 0.04673090, -0.03732769, 0.02280757, 0.04804351, -0.03685903, 0.02684678
6, 0.04703981, -0.03786335, 0.02275089, 0.04835353, -0.03745416, 0.02684232
6, 0.04734552, -0.03840699, 0.02268832, 0.04865922, -0.03805880, 0.02683217
6, 0.04764780, -0.03895850, 0.02261974, 0.04896028, -0.03867268, 0.02681619
6, 0.04794643, -0.03951774, 0.02254502, 0.04925638, -0.03929549, 0.02679422
6, 0.04824107, -0.04008435, 0.02246393, 0.04954743, -0.03992726, 0.02676635
6, 0.04853184, -0.04065860, 0.02237659, 0.04983287, -0.04056735, 0.02673224
6, 0.04881825, -0.04124002, 0.02228273, 0.05011260, -0.04121569, 0.02669196
6, 0.04909987, -0.04182807, 0.02218205, 0.05038636, -0.04187199, 0.02664542
6, 0.04937685, -0.04242306, 0.02207472, 0.05065385, -0.04253589, 0.02659256
6, 0.04964883, -0.04302454, 0.02196052, 0.05091476, -0.04320702, 0.02653329
6, 0.04991553, -0.04363223, 0.02183931, 0.05116881, -0.04388498, 0.02646754
6, 0.05017676, -0.04424594, 0.02171095, 0.05141582, -0.04456953, 0.02639531
6, 0.05043237, -0.04486548, 0.02157531, 0.05165568, -0.04526063, 0.02631673
6, 0.05068242, -0.04549108, 0.02143244, 0.05188801, -0.04595763, 0.02623160
6, 0.05092661, -0.04612241, 0.02128215, 0.05211275, -0.04666048, 0.02614008
6, 0.05116485, -0.04675949, 0.02112426, 0.05232971, -0.04736910, 0.02604208
6, 0.05139748, -0.04740336, 0.02095879, 0.05253891, -0.04808401, 0.02593750
6, 0.05162468, -0.04805488, 0.02078559, 0.05274046, -0.04880609, 0.02582632
6, 0.05184666, -0.04871509, 0.02060456, 0.05293438, -0.04953611, 0.02570844
6, 0.05206348, -0.04938495, 0.02041552, 0.05312060, -0.05027478, 0.02558368
6, 0.05227511, -0.05006529, 0.02021817, 0.05329908, -0.05102308, 0.02545195
6, 0.05248172, -0.05075763, 0.02001246, 0.05346961, -0.05178160, 0.02531292
6, 0.05268323, -0.05146308, 0.01979810, 0.05363197, -0.05255118, 0.02516638
6, 0.05287948, -0.05218282, 0.01957477, 0.05378605, -0.05333318, 0.02501228
6, 0.05307038, -0.05291839, 0.01934222, 0.05393143, -0.05412820, 0.02485016
6, 0.05325545, -0.05367061, 0.01909989, 0.05406778, -0.05493746, 0.02467982
6, 0.05343451, -0.05444149, 0.01884758, 0.05419463, -0.05576182, 0.02450083
6, 0.05360683, -0.05523145, 0.01858537, 0.05431134, -0.05660162, 0.02431248
6, 0.05377175, -0.05604101, 0.01831425, 0.05441716, -0.05745649, 0.02411377
6, 0.05392793, -0.05686770, 0.01803674, 0.05451101, -0.05832327, 0.02390267
6, 0.05407363, -0.05770450, 0.01776061, 0.05459140, -0.05919269, 0.02367530
6, 0.05420728, -0.05854345, 0.01749506, 0.05465735, -0.06005324, 0.02342733
6, 0.05432747, -0.05937560, 0.01724972, 0.05470868, -0.06089285, 0.02315469
6, 0.05443331, -0.06019226, 0.01703508, 0.05474611, -0.06169942, 0.02285374
6, 0.05452428, -0.06098446, 0.01686224, 0.05477104, -0.06246000, 0.02252106
6, 0.05460038, -0.06174345, 0.01674301, 0.05478543, -0.06316075, 0.02215339
6, 0.05466189, -0.06245956, 0.01668950, 0.05479240, -0.06378340, 0.02174653
6, 0.05470956, -0.06312290, 0.01671424, 0.05479350, -0.06427830, 0.02128658
6, 0.05474455, -0.06372319, 0.01682994, 0.05479298, -0.06466799, 0.02078477
6, 0.05476837, -0.06424938, 0.01704923, 0.05479229, -0.06478480, 0.02019216
6, 0.05478340, -0.06469026, 0.01738465, 0.05479218, -0.06493032, 0.01960799
6, 0.05478977, -0.06503326, 0.01784804, 0.05479218, -0.06510183, 0.01903082
6, 0.05479218, -0.06526482, 0.01845037, 0.05479218, -0.06526482, 0.01845037
7, 0.02907822, -0.01972213, 0.02397960, 0.02907822, -0.01972213, 0.02397960
7, 0.02904477, -0.01990266, 0.02380780, 0.02916964, -0.01957628, 0.02416010
7, 0.02907325, -0.02009465, 0.02366625, 0.02930941, -0.01948581, 0.02432738
7, 0.02915832, -0.02029759, 0.02355219, 0.02949358, -0.01944716, 0.02448334
7, 0.02929492, -0.02051108, 0.02346320, 0.02971815, -0.01945682, 0.02462955
7, 0.02947839, -0.02073485, 0.02339715, 0.02997915, -0.01951129, 0.02476736
7, 0.02970365, -0.02096850, 0.02335188, 0.03027267, -0.01960706, 0.02489795
7, 0.02996588, -0.02121164, 0.02332538, 0.03059451, -0.01974051, 0.02502221
7, 0.03026008, -0.02146374, 0.02331556, 0.03094098, -0.01990810, 0.02514109
7, 0.03058131, -0.02172423, 0.02332040, 0.03130769, -0.02010595, 0.02525517
7, 0.03092467, -0.02199241, 0.02333780, 0.03169058, -0.02033021, 0.02536506
7, 0.03128474, -0.02226726, 0.02336539, 0.03208586, -0.02057695, 0.02547144
7, 0.03165723, -0.02254805, 0.02340116, 0.03248919, -0.02084187, 0.02557472
7, 0.03203612, -0.02283319, 0.02344230, 0.03289628, -0.02112056, 0.02567531
7, 0.03241692, -0.02312151, 0.02348645, 0.03330298, -0.02140837, 0.02577366
7, 0.03279465, -0.02341138, 0.02353102, 0.03370529, -0.02170086, 0.02587008
7, 0.03316689, -0.02370173, 0.02357492, 0.03410134, -0.02199603, 0.02596450
7, 0.03353248, -0.02399184, 0.02361775, 0.03449017, -0.02229290, 0.02605674
7, 0.03389110, -0.02428148, 0.02365927, 0.03487096, -0.02259083, 0.02614639
7, 0.03424340, -0.02457107, 0.02369946, 0.03524482, -0.02289039, 0.02623369
7, 0.03458990, -0.02486099, 0.02373827, 0.03561203, -0.02319182, 0.02631848
7, 0.03493109, -0.02515164, 0.02377562, 0.03597351, -0.02349567, 0.02640094
7, 0.03526768, -0.02544353, 0.02381153, 0.03632970, -0.02380231, 0.02648098
7, 0.03560008, -0.02573708, 0.02384588, 0.03668110, -0.02411215, 0.02655859
7, 0.03592931, -0.02603301, 0.02387885, 0.03702854, -0.02442580, 0.02663391
7, 0.03625529, -0.02633153, 0.02391008, 0.03737252, -0.02474373, 0.02670692
7, 0.03657913, -0.02663349, 0.02393982, 0.03771394, -0.02506667, 0.02677785
7, 0.03690151, -0.02693953, 0.02396808, 0.03805309, -0.02539503, 0.02684657
7, 0.03722248, -0.02725000, 0.02399456, 0.03839066, -0.02572949, 0.02691320
7, 0.03754337, -0.02756599, 0.02401962, 0.03872759, -0.02607089, 0.02697799
7, 0.03786383, -0.02788756, 0.02404283, 0.03906382, -0.02641943, 0.02704079
7, 0.03818409, -0.02821511, 0.02406407, 0.03939981, -0.02677552, 0.02710175
7, 0.03850475, -0.02854927, 0.02408341, 0.03973537, -0.02713926, 0.02716069
7, 0.03882540, -0.02889005, 0.02410038, 0.04007096, -0.02751108, 0.02721777
7, 0.03914630, -0.02923789, 0.02411492, 0.04040661, -0.02789122, 0.02727296
7, 0.03946715, -0.02959275, 0.02412674, 0.04074214, -0.02827976, 0.02732608
7, 0.03978824, -0.02995495, 0.02413594, 0.04107766, -0.02867694, 0.02737714
7, 0.04010933, -0.03032447, 0.02414229, 0.04141269, -0.02908264, 0.02742577
7, 0.04043027, -0.03070137, 0.02414565, 0.04174730, -0.02949710, 0.02747198
7, 0.04075093, -0.03108569, 0.02414586, 0.04208123, -0.02992032, 0.02751552
7, 0.04107123, -0.03147754, 0.02414280, 0.04241444, -0.03035248, 0.02755629
7, 0.04139105, -0.03187694, 0.02413628, 0.04274666, -0.03079358, 0.02759406
7, 0.04171016, -0.03228392, 0.02412612, 0.04307781, -0.03124377, 0.02762871
7, 0.04202875, -0.03269875, 0.02411230, 0.04340777, -0.03170315, 0.02766006
7, 0.04234626, -0.03312113, 0.02409444, 0.04373614, -0.03217162, 0.02768781
7, 0.04266287, -0.03355134, 0.02407258, 0.04406294, -0.03264934, 0.02771191
7, 0.04297827, -0.03398926, 0.02404646, 0.04438794, -0.03313633, 0.02773217
7, 0.04329245, -0.03443502, 0.02401603, 0.04471089, -0.03363255, 0.02774838
7, 0.04360502, -0.03488840, 0.02398097, 0.04503162, -0.03413804, 0.02776038
7, 0.04391613, -0.03534966, 0.02394132, 0.04534982, -0.03465268, 0.02776788
7, 0.04422545, -0.03581867, 0.02389681, 0.04566537, -0.03517657, 0.02777078
7, 0.04453266, -0.03629522, 0.02384718, 0.04597818, -0.03570979, 0.02776899
7, 0.04483793, -0.03677958, 0.02379254, 0.04628780, -0.03625203, 0.02776215
7, 0.04514075, -0.03727137, 0.02373253, 0.04659402, -0.03680325, 0.02775017
7, 0.04544100, -0.03777054, 0.02366706, 0.04689658, -0.03736330, 0.02773282
7, 0.04573874, -0.03827727, 0.02359615, 0.04719541, -0.03793224, 0.02771007
7, 0.04603355, -0.03879123, 0.02351953, 0.04749019, -0.03850987, 0.02768171
7, 0.04632533, -0.03931240, 0.02343711, 0.04778056, -0.03909592, 0.02764746
7, 0.04661381, -0.03984057, 0.02334872, 0.04806640, -0.03969036, 0.02760732
7, 0.04689881, -0.04037560, 0.02325426, 0.04834741, -0.04029287, 0.02756115
7, 0.04718013, -0.04091733, 0.02315364, 0.04862327, -0.04090308, 0.02750884
7, 0.04745746, -0.04146546, 0.02304667, 0.04889392, -0.04152099, 0.02745049
7, 0.04773090, -0.04202015, 0.02293347, 0.04915887, -0.04214599, 0.02738587
7, 0.04799999, -0.04258093, 0.02281377, 0.04941800, -0.04277791, 0.02731501
7, 0.04826441, -0.04314738, 0.02268738, 0.04967107, -0.04341644, 0.02723792
7, 0.04852419, -0.04371961, 0.02255439, 0.04991784, -0.04406124, 0.02715457
7, 0.04877908, -0.04429725, 0.02241466, 0.05015801, -0.04471185, 0.02706489
7, 0.04902883, -0.04488006, 0.02226807, 0.05039138, -0.04536796, 0.02696891
7, 0.04927336, -0.04546800, 0.02211454, 0.05061783, -0.04602941, 0.02686670
7, 0.04951260, -0.04606102, 0.02195389, 0.05083727, -0.04669611, 0.02675835
7, 0.04974669, -0.04665952, 0.02178621, 0.05104947, -0.04736776, 0.02664385
7, 0.04997542, -0.04726334, 0.02161128, 0.05125438, -0.04804425, 0.02652331
7, 0.05019877, -0.04787269, 0.02142898, 0.05145186, -0.04872562, 0.02639674
7, 0.05041702, -0.04848841, 0.02123931, 0.05164190, -0.04941229, 0.02626408
7, 0.05063035, -0.04911138, 0.02104221, 0.05182456, -0.05010497, 0.02612535
7, 0.05083887, -0.04974244, 0.02083758, 0.05199982, -0.05080423, 0.02598045
7, 0.05104268, -0.05038257, 0.02062533, 0.05216759, -0.05151068, 0.02582929
7, 0.05124170, -0.05103244, 0.02040521, 0.05232781, -0.05222502, 0.02567180
7, 0.05143603, -0.05169336, 0.02017718, 0.05248026, -0.05294780, 0.02550778
7, 0.05162559, -0.05236640, 0.01994104, 0.05262471, -0.05367952, 0.02533700
7, 0.05181020, -0.05305255, 0.01969652, 0.05276104, -0.05442133, 0.02515949
7, 0.05198973, -0.05375316, 0.01944345, 0.05288885, -0.05517364, 0.02497490
7, 0.05216373, -0.05446904, 0.01918136, 0.05300787, -0.05593740, 0.02478310
7, 0.05233197, -0.05520186, 0.01891015, 0.05311764, -0.05671314, 0.02458372
7, 0.05249362, -0.05595119, 0.01863065, 0.05321750, -0.05750032, 0.02437592
7, 0.05264781, -0.05671600, 0.01834529, 0.05330665, -0.05829679, 0.02415821
7, 0.05279325, -0.05749297, 0.01805774, 0.05338422, -0.05909834, 0.02392841
7, 0.05292844, -0.05827563, 0.01777558, 0.05344926, -0.05989647, 0.02368300
7, 0.05305211, -0.05905701, 0.01750757, 0.05350132, -0.06068110, 0.02341823
7, 0.05316313, -0.05982928, 0.01726282, 0.05354060, -0.06144161, 0.02313051
7, 0.05326082, -0.06058484, 0.01705117, 0.05356806, -0.06216759, 0.02281672
7, 0.05334480, -0.06131590, 0.01688295, 0.05358523, -0.06284778, 0.02247385
7, 0.05341516, -0.06201499, 0.01676913, 0.05359400, -0.06347050, 0.02209912
7, 0.05347219, -0.06267369, 0.01672086, 0.05359737, -0.06401435, 0.02168693
7, 0.05351659, -0.06328352, 0.01674965, 0.05359679, -0.06439831, 0.02121281
7, 0.05354938, -0.06383562, 0.01686714, 0.05359569, -0.06470600, 0.02070802
7, 0.05357188, -0.06432037, 0.01708488, 0.05359492, -0.06480822, 0.02013456
7, 0.05358626, -0.06472806, 0.01741434, 0.05359480, -0.06494351, 0.01957005
7, 0.05359244, -0.06504784, 0.01786640, 0.05359480, -0.06510887, 0.01901266
7, 0.05359480, -0.06526772, 0.01845119, 0.05359480, -0.06526772, 0.01845119
8, 0.02886827, -0.02109057, 0.02563317, 0.02886827, -0.02109057, 0.02563317
8, 0.02883425, -0.02124789, 0.02548035, 0.02895688, -0.02096797, 0.02579278
8, 0.02885772, -0.02142219, 0.02535051, 0.02909211, -0.02089518, 0.02594267
8, 0.02893394, -0.02161236, 0.02524151, 0.02927032, -0.02086917, 0.02608417
8, 0.02905844, -0.02181743, 0.02515155, 0.02948761, -0.02088690, 0.02621835
8, 0.02922708, -0.02203661, 0.02507907, 0.02974042, -0.02094547, 0.02634623
8, 0.02943529, -0.02226899, 0.02502243, 0.03002509, -0.02104194, 0.02646862
8, 0.02967877, -0.02251370, 0.02498020, 0.03033770, -0.02117326, 0.02658614
8, 0.02995311, -0.02276985, 0.02495091, 0.03067473, -0.02133648, 0.02669943
8, 0.03025394, -0.02303646, 0.02493313, 0.03103216, -0.02152840, 0.02680884
8, 0.03057687, -0.02331246, 0.02492537, 0.03140621, -0.02174582, 0.02691476
8, 0.03091719, -0.02359660, 0.02492604, 0.03179343, -0.02198553, 0.02701763
8, 0.03127104, -0.02388777, 0.02493378, 0.03218973, -0.02224397, 0.02711758
8, 0.03163311, -0.02418420, 0.02494660, 0.03259120, -0.02251749, 0.02721478
8, 0.03199940, -0.02448443, 0.02496293, 0.03299396, -0.02280225, 0.02730934
8, 0.03236552, -0.02478669, 0.02498104, 0.03339431, -0.02309450, 0.02740135
8, 0.03272831, -0.02508937, 0.02499987, 0.03378948, -0.02339166, 0.02749053
8, 0.03308548, -0.02539111, 0.02501877, 0.03417748, -0.02369178, 0.02757663
8, 0.03343595, -0.02569128, 0.02503730, 0.03455712, -0.02399375, 0.02765930
8, 0.03378043, -0.02599042, 0.02505546, 0.03492921, -0.02429792, 0.02773866
8, 0.03411914, -0.02628880, 0.02507300, 0.03529417, -0.02460450, 0.02781465
8, 0.03445273, -0.02658698, 0.02508989, 0.03565274, -0.02491388, 0.02788737
8, 0.03478170, -0.02688543, 0.02510601, 0.03600532, -0.02522632, 0.02795675
8, 0.03510632, -0.02718454, 0.02512113, 0.03635252, -0.02554217, 0.02802287
8, 0.03542750, -0.02748504, 0.02513533, 0.03669497, -0.02586187, 0.02808578
8, 0.03574533, -0.02778726, 0.02514827, 0.03703321, -0.02618580, 0.02814555
8, 0.03606047, -0.02809187, 0.02515993, 0.03736801, -0.02651451, 0.02820236
8, 0.03637367, -0.02839958, 0.02517027, 0.03769972, -0.02684833, 0.02825616
8, 0.03668492, -0.02871075, 0.02517892, 0.03802891, -0.02718779, 0.02830703
8, 0.03699537, -0.02902638, 0.02518606, 0.03835646, -0.02753355, 0.02835527
8, 0.03730478, -0.02934666, 0.02519122, 0.03868245, -0.02788585, 0.02840077
8, 0.03761350, -0.02967212, 0.02519423, 0.03900748, -0.02824516, 0.02844374
8, 0.03792218, -0.03000350, 0.02519506, 0.03933153, -0.02861164, 0.02848409
8, 0.03823067, -0.03034104, 0.02519329, 0.03965524, -0.02898584, 0.02852207
8, 0.03853917, -0.03068521, 0.02518868, 0.03997880, -0.02936809, 0.02855773
8, 0.03884757, -0.03103606, 0.02518107, 0.04030196, -0.02975838, 0.02859082
8, 0.03915603, -0.03139383, 0.02517047, 0.04062486, -0.03015697, 0.02862142
8, 0.03946441, -0.03175853, 0.02515674, 0.04094711, -0.03056374, 0.02864920
8, 0.03977245, -0.03213012, 0.02513966, 0.04126866, -0.03097883, 0.02867409
8, 0.04008011, -0.03250866, 0.02511913, 0.04158940, -0.03140232, 0.02869596
8, 0.04038731, -0.03289424, 0.02509504, 0.04190915, -0.03183424, 0.02871462
8, 0.04069394, -0.03328689, 0.02506724, 0.04222769, -0.03227462, 0.02872988
8, 0.04099979, -0.03368657, 0.02503553, 0.04254498, -0.03272358, 0.02874166
8, 0.04130497, -0.03409352, 0.02499990, 0.04286078, -0.03318111, 0.02874971
8, 0.04160894, -0.03450739, 0.02495995, 0.04317490, -0.03364723, 0.02875387
8, 0.04191202, -0.03492857, 0.02491581, 0.04348720, -0.03412196, 0.02875398
8, 0.04221376, -0.03535680, 0.02486714, 0.04379755, -0.03460538, 0.02874992
8, 0.04251425, -0.03579227, 0.02481394, 0.04410556, -0.03509730, 0.02874137
8, 0.04281312, -0.03623477, 0.02475591, 0.04441134, -0.03559799, 0.02872835
8, 0.04311051, -0.03668454, 0.02469305, 0.04471435, -0.03610708, 0.02871042
8, 0.04340606, -0.03714138, 0.02462510, 0.04501457, -0.03662477, 0.02868754
8, 0.04369956, -0.03760515, 0.02455187, 0.04531193, -0.03715108, 0.02865964
8, 0.04399106, -0.03807601, 0.02447341, 0.04560599, -0.03768568, 0.02862641
8, 0.04428016, -0.03855360, 0.02438948, 0.04589659, -0.03822852, 0.02858781
8, 0.04456681, -0.03903791, 0.02430004, 0.04618339, -0.03877932, 0.02854362
8, 0.04485090, -0.03952894, 0.02420506, 0.04646636, -0.03933811, 0.02849383
8, 0.04513218, -0.04002647, 0.02410439, 0.04674523, -0.03990471, 0.02843831
8, 0.04541053, -0.04053041, 0.02399797, 0.04701961, -0.04047876, 0.02837684
8, 0.04568566, -0.04104052, 0.02388566, 0.04728946, -0.04106025, 0.02830944
8, 0.04595741, -0.04155665, 0.02376738, 0.04755446, -0.04164883, 0.02823601
8, 0.04622562, -0.04207865, 0.02364308, 0.04781430, -0.04224412, 0.02815640
8, 0.04649003, -0.04260628, 0.02351263, 0.04806890, -0.04284606, 0.02807076
8, 0.04675068, -0.04313959, 0.02337613, 0.04831789, -0.04345416, 0.02797890
8, 0.04700716, -0.04367811, 0.02323335, 0.04856110, -0.04406814, 0.02788083
8, 0.04725928, -0.04422164, 0.02308425, 0.04879832, -0.04468772, 0.02777657
8, 0.04750693, -0.04477003, 0.02292880, 0.04902933, -0.04531257, 0.02766613
8, 0.04774993, -0.04532303, 0.02276696, 0.04925386, -0.04594222, 0.02754943
8, 0.04798811, -0.04588048, 0.02259868, 0.04947178, -0.04657646, 0.02742657
8, 0.04822150, -0.04644255, 0.02242388, 0.04968303, -0.04721524, 0.02729761
8, 0.04845010, -0.04700936, 0.02224239, 0.04988750, -0.04785848, 0.02716261
8, 0.04867414, -0.04758155, 0.02205430, 0.05008516, -0.04850630, 0.02702168
8, 0.04889350, -0.04815920, 0.02185939, 0.05027590, -0.04915854, 0.02687484
8, 0.04910829, -0.04874279, 0.02165758, 0.05045969, -0.04981546, 0.02672219
8, 0.04931863, -0.04933298, 0.02144880, 0.05063645, -0.05047732, 0.02656370
8, 0.04952469, -0.04993069, 0.02123304, 0.05080620, -0.05114476, 0.02639944
8, 0.04972650, -0.05053662, 0.02101013, 0.05096884, -0.05181806, 0.02622933
8, 0.04992417, -0.05115177, 0.02078004, 0.05112430, -0.05249780, 0.02605339
8, 0.05011755, -0.05177674, 0.02054251, 0.05127244, -0.05318444, 0.02587156
8, 0.05030662, -0.05241263, 0.02029744, 0.05141310, -0.05387850, 0.02568380
8, 0.05049129, -0.05306047, 0.02004466, 0.05154595, -0.05458019, 0.02548990
8, 0.05067133, -0.05372120, 0.01978392, 0.05167087, -0.05529047, 0.02528996
8, 0.05084652, -0.05439595, 0.01951500, 0.05178748, -0.05600961, 0.02508376
8, 0.05101645, -0.05508564, 0.01923754, 0.05189550, -0.05673836, 0.02487127
8, 0.05118076, -0.05579157, 0.01895139, 0.05199449, -0.05747697, 0.02465219
8, 0.05133845, -0.05651237, 0.01865823, 0.05208372, -0.05822394, 0.02442552
8, 0.05148835, -0.05724518, 0.01836222, 0.05216221, -0.05897508, 0.02418916
8, 0.05162913, -0.05798567, 0.01806835, 0.05222924, -0.05972493, 0.02394072
8, 0.05175945, -0.05872784, 0.01778391, 0.05228431, -0.06046573, 0.02367715
8, 0.05187823, -0.05946552, 0.01751706, 0.05232741, -0.06118875, 0.02339532
8, 0.05198459, -0.06019193, 0.01727630, 0.05235902, -0.06188473, 0.02309224
8, 0.05207799, -0.06090039, 0.01707069, 0.05238027, -0.06254476, 0.02276535
8, 0.05215816, -0.06158400, 0.01690968, 0.05239280, -0.06315903, 0.02241212
8, 0.05222530, -0.06223630, 0.01680330, 0.05239837, -0.06371784, 0.02203038
8, 0.05227973, -0.06284986, 0.01676166, 0.05239992, -0.06419515, 0.02161280
8, 0.05232216, -0.06341725, 0.01679517, 0.05239897, -0.06447029, 0.02112200
8, 0.05235356, -0.06393069, 0.01691433, 0.05239805, -0.06470282, 0.02061420
8, 0.05237518, -0.06438168, 0.01712952, 0.05239751, -0.06481944, 0.02006776
8, 0.05238908, -0.06476163, 0.01745104, 0.05239742, -0.06495816, 0.01952719
8, 0.05239509, -0.06506117, 0.01788874, 0.05239742, -0.06511688, 0.01899117
8, 0.05239742, -0.06526956, 0.01845171, 0.05239742, -0.06526956, 0.01845171
9, 0.02844698, -0.02239141, 0.02720764, 0.02844698, -0.02239141, 0.02720764
9, 0.02841382, -0.02252252, 0.02707714, 0.02853063, -0.02229422, 0.02734273
9, 0.02843259, -0.02267622, 0.02696110, 0.02865903, -0.02223971, 0.02747235
9, 0.02849928, -0.02285080, 0.02685818, 0.02882884, -0.02222555, 0.02759723
9, 0.02861015, -0.02304478, 0.02676729, 0.02903630, -0.02224932, 0.02771781
9, 0.02876177, -0.02325684, 0.02668756, 0.02927835, -0.02230889, 0.02783472
9, 0.02895017, -0.02348552, 0.02661802, 0.02955166, -0.02240207, 0.02794840
9, 0.02917170, -0.02372950, 0.02655786, 0.02985262, -0.02252656, 0.02805906
9, 0.02942273, -0.02398746, 0.02650636, 0.03017788, -0.02268014, 0.02816696
9, 0.02969959, -0.02425805, 0.02646279, 0.03052394, -0.02286048, 0.02827220
9, 0.02999847, -0.02453979, 0.02642640, 0.03088729, -0.02306519, 0.02837480
9, 0.03031564, -0.02483121, 0.02639644, 0.03126492, -0.02329199, 0.02847495
9, 0.03064771, -0.02513085, 0.02637233, 0.03165299, -0.02353818, 0.02857241
9, 0.03099024, -0.02543676, 0.02635302, 0.03204810, -0.02380112, 0.02866704
9, 0.03133983, -0.02574726, 0.02633785, 0.03244661, -0.02407791, 0.02875855
9, 0.03169281, -0.02606046, 0.02632603, 0.03284515, -0.02436567, 0.02884675
9, 0.03204514, -0.02637413, 0.02631656, 0.03323990, -0.02466108, 0.02893113
9, 0.03239320, -0.02668614, 0.02630857, 0.03362762, -0.02496102, 0.02901143
9, 0.03273493, -0.02699535, 0.02630133, 0.03400673, -0.02526379, 0.02908739
9, 0.03307121, -0.02730240, 0.02629489, 0.03437762, -0.02556943, 0.02915897
9, 0.03340179, -0.02760749, 0.02628878, 0.03474088, -0.02587814, 0.02922623
9, 0.03372760, -0.02791132, 0.02628303, 0.03509707, -0.02619011, 0.02928921
9, 0.03404883, -0.02821429, 0.02627737, 0.03544652, -0.02650545, 0.02934785
9, 0.03436564, -0.02851680, 0.02627145, 0.03578998, -0.02682448, 0.02940234
9, 0.03467876, -0.02881953, 0.02626521, 0.03612784, -0.02714737, 0.02945265
9, 0.03498854, -0.02912300, 0.02625841, 0.03646071, -0.02747444, 0.02949892
9, 0.03529505, -0.02942759, 0.02625065, 0.03678918, -0.02780600, 0.02954130
9, 0.03559916, -0.02973414, 0.02624190, 0.03711370, -0.02814231, 0.02957983
9, 0.03590080, -0.03004297, 0.02623169, 0.03743472, -0.02848367, 0.02961460
9, 0.03620088, -0.03035499, 0.02621999, 0.03775300, -0.02883058, 0.02964588
9, 0.03649932, -0.03067054, 0.02620631, 0.03806885, -0.02918329, 0.02967369
9, 0.03679662, -0.03099035, 0.02619041, 0.03838298, -0.02954235, 0.02969829
9, 0.03709348, -0.03131525, 0.02617214, 0.03869564, -0.02990804, 0.02971969
9, 0.03739005, -0.03164580, 0.02615109, 0.03900764, -0.03028103, 0.02973826
9, 0.03768649, -0.03198249, 0.02612687, 0.03931941, -0.03066176, 0.02975413
9, 0.03798292, -0.03232555, 0.02609943, 0.03963057, -0.03105013, 0.02976703
9, 0.03827932, -0.03267505, 0.02606870, 0.03994134, -0.03144642, 0.02977706
9, 0.03857568, -0.03303108, 0.02603460, 0.04025144, -0.03185054, 0.02978397
9, 0.03887162, -0.03339348, 0.02599688, 0.04056064, -0.03226250, 0.02978760
9, 0.03916721, -0.03376237, 0.02595550, 0.04086905, -0.03268248, 0.02978797
9, 0.03946236, -0.03413779, 0.02591034, 0.04117629, -0.03311036, 0.02978477
9, 0.03975701, -0.03451980, 0.02586133, 0.04148226, -0.03354619, 0.02977791
9, 0.04005091, -0.03490830, 0.02580823, 0.04178694, -0.03399010, 0.02976732
9, 0.04034415, -0.03530346, 0.02575104, 0.04208994, -0.03444191, 0.02975267
9, 0.04063618, -0.03570494, 0.02568937, 0.04239133, -0.03490184, 0.02973398
9, 0.04092749, -0.03611324, 0.02562343, 0.04269079, -0.03536975, 0.02971097
9, 0.04121746, -0.03652795, 0.02555278, 0.04298831, -0.03584579, 0.02968358
9, 0.04150630, -0.03694935, 0.02547747, 0.04328333, -0.03632961, 0.02965137
9, 0.04179369, -0.03737726, 0.02539724, 0.04357630, -0.03682177, 0.02961459
9, 0.04207972, -0.03781187, 0.02531206, 0.04386640, -0.03732165, 0.02957260
9, 0.04236403, -0.03825298, 0.02522165, 0.04415376, -0.03782953, 0.02952546
9, 0.04264651, -0.03870051, 0.02512590, 0.04443827, -0.03834541, 0.02947308
9, 0.04292708, -0.03915446, 0.02502481, 0.04471958, -0.03886896, 0.02941526
9, 0.04320549, -0.03961458, 0.02491826, 0.04499753, -0.03940012, 0.02935198
9, 0.04348173, -0.04008090, 0.02480628, 0.04527174, -0.03993850, 0.02928303
9, 0.04375552, -0.04055320, 0.02468878, 0.04554215, -0.04048406, 0.02920844
9, 0.04402680, -0.04103140, 0.02456574, 0.04580860, -0.04103670, 0.02912819
9, 0.04429542, -0.04151539, 0.02443713, 0.04607069, -0.04159598, 0.02904208
9, 0.04456106, -0.04200488, 0.02430284, 0.04632840, -0.04216193, 0.02895019
9, 0.04482359, -0.04249971, 0.02416283, 0.04658143, -0.04273419, 0.02885240
9, 0.04508290, -0.04299978, 0.02401709, 0.04682944, -0.04331238, 0.02874855
9, 0.04533878, -0.04350491, 0.02386560, 0.04707236, -0.04389643, 0.02863874
9, 0.04559118, -0.04401504, 0.02370839, 0.04730994, -0.04448601, 0.02852287
9, 0.04583977, -0.04452976, 0.02354533, 0.04754192, -0.04508074, 0.02840085
9, 0.04608449, -0.04504908, 0.02337651, 0.04776811, -0.04568038, 0.02827269
9, 0.04632505, -0.04557260, 0.02320181, 0.04798834, -0.04628468, 0.02813842
9, 0.04656138, -0.04610020, 0.02302129, 0.04820230, -0.04689312, 0.02799790
9, 0.04679335, -0.04663184, 0.02283496, 0.04841002, -0.04750571, 0.02785130
9, 0.04702115, -0.04716798, 0.02264279, 0.04861142, -0.04812250, 0.02769863
9, 0.04724485, -0.04770897, 0.02244461, 0.04880636, -0.04874345, 0.02753981
9, 0.04746477, -0.04825571, 0.02224049, 0.04899508, -0.04936922, 0.02737514
9, 0.04768086, -0.04880858, 0.02203021, 0.04917732, -0.04999958, 0.02720441
9, 0.04789339, -0.04936845, 0.02181377, 0.04935320, -0.05063507, 0.02702784
9, 0.04810230, -0.04993579, 0.02159093, 0.04952256, -0.05127584, 0.02684540
9, 0.04830773, -0.05051161, 0.02136167, 0.04968538, -0.05192242, 0.02665728
9, 0.04850957, -0.05109645, 0.02112575, 0.04984144, -0.05257481, 0.02646336
9, 0.04870795, -0.05169147, 0.02088311, 0.04999072, -0.05323362, 0.02626383
9, 0.04890265, -0.05229718, 0.02063344, 0.05013299, -0.05389902, 0.02605864
9, 0.04909350, -0.05291450, 0.02037650, 0.05026811, -0.05457163, 0.02584795
9, 0.04928033, -0.05354448, 0.02011211, 0.05039568, -0.05525135, 0.02563155
9, 0.04946287, -0.05418802, 0.01983995, 0.05051553, -0.05593895, 0.02540966
9, 0.04964076, -0.05484609, 0.01955970, 0.05062730, -0.05663468, 0.02518221
9, 0.04981360, -0.05551979, 0.01927103, 0.05073069, -0.05733910, 0.02494927
9, 0.04998087, -0.05621009, 0.01897369, 0.05082520, -0.05805224, 0.02471065
9, 0.05014131, -0.05691454, 0.01867030, 0.05090998, -0.05877158, 0.02446514
9, 0.05029336, -0.05762817, 0.01836696, 0.05098383, -0.05949061, 0.02420994
9, 0.05043557, -0.05834552, 0.01807020, 0.05104607, -0.06020243, 0.02394240
9, 0.05056665, -0.05906090, 0.01778693, 0.05109656, -0.06090000, 0.02366002
9, 0.05068566, -0.05976882, 0.01752460, 0.05113562, -0.06157580, 0.02336041
9, 0.05079186, -0.06046344, 0.01729098, 0.05116395, -0.06222192, 0.02304125
9, 0.05088481, -0.06113880, 0.01709423, 0.05118275, -0.06283072, 0.02270065
9, 0.05096438, -0.06178868, 0.01694284, 0.05119375, -0.06339359, 0.02233660
9, 0.05103080, -0.06240735, 0.01684579, 0.05119856, -0.06390268, 0.02194766
9, 0.05108451, -0.06298802, 0.01681206, 0.05120004, -0.06432571, 0.02152446
9, 0.05112627, -0.06352403, 0.01685089, 0.05120004, -0.06449415, 0.02101438
9, 0.05115709, -0.06400838, 0.01697155, 0.05120004, -0.06465839, 0.02050347
9, 0.05117827, -0.06443330, 0.01718317, 0.05120004, -0.06481842, 0.01999179
9, 0.05119186, -0.06479097, 0.01749476, 0.05120004, -0.06497425, 0.01947940
9, 0.05119775, -0.06507324, 0.01791504, 0.05120004, -0.06512585, 0.01896637
9, 0.05120004, -0.06527034, 0.01845193, 0.05120004, -0.06527034, 0.01845193
