,RH0,CFLAG,CLSDP,CVP,DFLAG,MV1CC,MV1CL,MV1CR,MV1TT,MV2CC,MV2CL,MV2CR,MV2TT,NMECH,P0001,P0002,P1101,P1102,P1103,P1104,P1105,P1201,P1202,P1203,P1204,P1205,P1301,P1302,P1303,P1304,P1305,P1306,P1307,P1401,P1402,P1403,P1404,P1405,P1406,P1407,P2101,P2102,P2103,P2104,P2105,P2106,P2107,P2108,P2109,P2110,P2111,P2201,P2202,P2203,P2204,P2205,P2206,P2207,P2208,P2209,P2210,P2211,P2400,P2401,P2402,P2403,P2404,P2405,P2406,P2601,P2602,P2603,P2604,P2605,P2701,P2702,P2703,P2704,P2705,P3011,P3012,P3013,P3014,P3015,P3016,P3021,P3022,P3023,P3024,P3026,P3200,P3201,P3202,P3203,P3204,P3205,P3206,P3207,P3209,P3211,P3212,P3213,P3214,P3215,P3216,P3217,P3218,P3219,P3220,P3221,P3222,P3223,P3224,P3225,P3226,P3227,P3228,P3229,P3230,P3231,P3232,P3233,P3234,P3235,P3236,P3237,P3238,P3239,P3240,P3241,P3601,P3602,P3603,P3604,P3605,P3606,P3607,P3608,P3609,P3610,P3611,P3615,P3616,P3619,P3620,P3621,P3622,P3623,P3624,P3625,P3626,P3627,P3628,P3629,P3630,P3631,P3632,P3633,P3634,P3635,P3636,P3637,P3638,P3639,P3640,P3641,P3642,P3643,P3644,P3645,P3646,P3647,P6100,P6101,P6102,P6103,P6104,P6105,P6106,P6107,P6108,P6109,P6110,P6112,P6113,P6114,P6116,P6117,P6118,P6119,P6120,P6121,P6122,P6123,P6124,P6125,P6126,P6127,P6128,P6129,P6130,P6131,P6132,P6133,P6134,P6135,P6136,P6137,P6138,P6139,P6140,P6141,P6142,P6143,P6144,P6145,P6146,P6147,P6148,P6149,P6200,P6201,P6202,P6203,P6204,P6205,P6206,P6207,P6208,P6209,P6210,P6211,P6212,P6213,P6214,P6215,P6216,P6217,P6218,P6219,P6220,P6221,P6222,P6223,P6224,P6225,P6226,P6227,P6228,P6229,P6230,P6231,P6232,P6233,P6234,P6235,P6236,P6237,P6238,P6239,P6240,P6241,P6242,P6243,P6244,P6245,P6246,P6247,P6248,P6249,P7011,P7012,P7013,P7014,P7015,P7021,P7022,P7023,P7024,P7025,P7031,P7032,P7033,P7034,P7035,PAC01,PAC02,PAC03,PAC04,PBAROM,PMV101,PMV102,PMV103,PMV104,PMV105,PMV106,PMV201,PMV202,PMV203,PMV204,PMV205,PMV206,PO011,PO012,PO013,PO014,PTD11,PTD12,PTD13,PTD14,PTD15,PTD16,PTD17,PTD21,PTD22,PTD23,PTD24,PTD25,PTD26,PTD27,T0001,T0002,T3011,T3012,T3013,T3014,T3015,T3021,T3022,T3023,T3024,T3025,T3026,T3031,T3033,T3034,T3035,T3036,T7011,T7012,T7013,T7015,T7021,T7022,T7024,T7025,TCEX1,TCIN1,TCKN1,TDFLAG,TM2601,TM2602,TM2701,TM2702,TM4201,TM4202,TM4203,TM4204,TMEX01,TMEX02,TMEX03,TMEX04,TMEX05,TMEX06,TO011,TO012,UFLAG,P00,T00,AMFN2,AMFO2,AMFAR,AMFCO2,AMFH20,A00,RHO00,GAMMA00,H00,MU00,P07,T07,A07,RHO07,GAMMA07,H07,MU07,P03,A03,RHO03,GAMMA03,H03,MDOT,NCRPM,NC,MDOTC,TPR70,TPR30,TTR70,TTR30,ETA30,ETAPOLY30,ETA70,ETAPOLY70,B2,TCEXSET,DATE,DATETIME,MV1SPAN,MV2SPAN
MEAN,36.694976000000004,2.0,0.50146132,265.82964,5.0,14.253724,14.23552,14.251031999999999,789.99428,14.258064,14.244755999999997,14.252796,795.03724,20006.836,10.70778,10.70718,10.654524000000002,10.617064000000001,10.562063999999998,10.510952,10.333604000000001,10.655572,10.620816,10.567896000000001,10.511776,10.322464,10.641496000000002,10.598744,10.552947999999999,10.490668000000001,14.109076,10.0161,10.607736,10.638668000000001,10.604384,10.557271999999998,10.491584,13.034584,10.011023999999999,9.8442256,8.5374492,8.685024,8.945113599999999,9.6784268,10.81714,12.138783999999998,14.18532,16.635076,19.801108000000003,22.45108,23.222580000000004,8.505467600000001,8.642163600000002,9.0168324,9.6804552,10.845196000000001,12.328475999999998,14.191807999999998,16.582684,19.733708,22.69812,22.742404,23.721912000000003,23.389084000000004,23.459496000000005,23.868856,23.753472,23.58886,23.646812,21.732531999999996,21.980871999999998,22.305336,22.470167999999997,23.268103999999997,21.809892,21.912588,22.272712000000002,22.515928000000002,23.41402,39.59752,39.236248,40.371871999999996,41.68342799999999,40.09906,27.134135999999994,38.931596,39.046744000000004,39.795027999999995,40.99778400000001,26.349016000000002,24.318052,24.379975999999996,24.532704000000003,24.17652,24.514272000000002,24.592128,24.633252,24.388244,24.801267999999997,24.760688000000002,24.912552,24.918156000000003,24.844004000000005,24.887648,25.113811999999992,25.037723999999997,25.325875999999997,25.175047999999997,25.468508,25.380668,25.610704000000002,25.507624,25.816068,25.705184000000003,25.96266,25.779472000000002,26.20926,26.284812000000002,26.233232,26.21408,26.59144,26.529964,26.557244000000004,26.761007999999997,26.963611999999998,27.087136,27.045948000000003,27.327484,27.325851999999994,27.624340000000004,24.404268000000005,24.288036,24.203028,24.569684,24.569716,24.442667999999998,24.406508,24.653859999999998,24.739735999999997,24.639743999999997,24.54176,24.855132000000005,24.964555999999998,24.765244000000003,24.768819999999995,25.102532,24.979507999999996,25.270204,25.002924000000004,25.835296000000003,25.312452000000004,25.585088,25.392984000000002,25.553188000000006,25.585991999999997,25.96498,25.773532000000003,14.241515999999999,26.022004000000003,26.231312,26.079979999999995,26.585151999999997,26.410431999999997,26.590347999999995,26.577336,26.87906,26.886676,26.805144000000006,27.054799999999997,27.052196,27.179712,24.361616000000005,27.555495999999998,27.866460000000004,27.88232,28.178876000000006,28.148291999999998,28.422060000000002,28.446940000000005,28.695823999999998,28.636992,28.903912000000002,28.903016,28.978575999999997,29.233896,29.147552,29.014736,29.233059999999995,29.038455999999996,29.162263999999997,28.984668000000003,29.104484,28.86676,28.957580000000004,28.678844000000005,28.814012,28.782235999999997,28.791967999999997,28.5408,28.648352,28.539316,28.602792000000004,28.371016,28.443232000000002,28.224968,28.277936,28.160852,28.220595999999997,28.031672,28.072139999999994,27.881648,27.895132,27.819424000000005,27.802536,27.722920000000002,27.668163999999997,27.571712,27.523907999999995,27.432380000000002,27.366516,26.857799999999997,27.144696,26.97078,27.172208,26.831184000000004,27.204815999999997,26.948076,27.26962,26.8385,27.257436000000002,26.936156,27.278404000000002,26.93878,27.462540000000004,27.012012,27.302604000000002,26.941348,27.491999999999997,26.990952000000004,27.276867999999993,26.931608,27.205876,27.013468,27.195739999999997,26.99804,27.161383999999998,27.044127999999997,27.097424,27.020843999999997,27.123768,27.262424,27.256040000000002,27.295488,27.372252,27.542944000000002,27.55476,27.564284,27.760791999999995,27.553788,27.573767999999994,27.472572,27.369168,27.403196,27.211147999999998,27.270863999999996,27.105991999999997,27.166148000000003,26.605776000000006,27.039648000000003,27.104283999999996,37.122024,37.890552,37.220524,34.624216000000004,27.128016000000002,36.61954,37.50664400000001,36.911236,34.832972,26.658291999999996,36.672896,37.607588,36.914872,34.4244,27.038652,,,,,14.261119999999998,14.232359999999996,14.263792,14.256268,14.243824,14.242624000000001,14.255952,14.254299999999999,14.262244,14.242796,14.256832,14.247839999999998,14.256304,3.1249800000000014e-05,-0.0001237502,1.6753496,1.6678739999999999,9.851620800000001,9.7206288,9.561562000000002,9.467937200000001,9.520703600000001,9.3784416,9.5267384,9.925618,9.732732,9.6199228,9.531372000000001,9.297715599999998,9.3458564,9.2824856,536.33608,536.36004,792.1599200000002,790.3689200000001,799.6246399999999,814.91216,824.6884400000001,793.6056400000001,792.3875600000001,801.9013199999999,817.97748,824.7733199999999,23.718024000000003,791.91184,800.7417200000001,817.24148,825.0653199999999,23.854191999999998,805.154,805.97352,804.20756,26.358159999999998,803.1002799999999,803.44236,798.45716,24.567452,12.099064,8.492286400000001,10.0277284,0.0,369.22696,379.77723999999995,373.1082400000001,377.94023999999996,331.65324,329.80843999999996,331.35191999999995,-18459.7,77.94000399999999,198.66552,280.94744,316.70356,317.5722,306.6436,533.7048,533.33568,0.0,10.70748,536.3480599999999,0.768699491981559,0.20614571426957795,0.009186576562533275,0.0003790001206302321,0.015589216081288599,1138.359472909406,0.053580075524238484,1.399967652570146,137.81881386289717,1.235854665536056e-05,36.525479811889674,803.1853343476582,1390.3310649858208,0.12193367668631339,1.3918317705900327,202.82830094122735,1.6785975654182403e-05,40.0757064,1392.5228555894455,0.13337795902339009,1.3918661854639467,203.40915385289182,7.785190575424424,19628.77637545087,90.08571469755782,10.909360914635045,3.411212417075962,3.7427775336821787,0.4975076607126753,0.5019707644220202,0.9039632146041954,0.9197924957652086,0.8361781393437279,0.8614063349006098,0.609,12.099064,,,,
1791.0,35.6422,2.0,0.501188,265.826,5.0,14.2519,14.2351,14.2514,795.151,14.2569,14.2447,14.2513,798.377,20011.9,10.7015,10.7007,10.6478,10.6102,10.5553,10.5039,10.3264,10.6492,10.6139,10.5609,10.505,10.3153,10.6353,10.5932,10.547,10.4845,14.108,10.0085,10.6446,10.632,10.5971,10.5503,10.4843,13.1518,10.0033,9.83685,8.50134,8.65888,8.92808,9.67998,10.7874,12.1033,14.1731,16.6411,19.8098,22.4587,23.2321,8.49792,8.63266,9.00275,9.6702,10.8394,12.3283,14.1751,16.5598,19.6547,22.679,22.7248,23.7393,23.4076,23.4751,23.8789,23.7539,23.5927,23.6467,21.7213,21.9693,22.2942,22.4585,23.2596,21.7971,21.9023,22.2608,22.5052,23.4046,39.6775,39.2528,40.419,41.7278,40.1304,27.1583,38.7992,39.0317,39.8624,41.0561,26.3377,24.3246,24.3841,24.5439,24.1862,24.5203,24.5945,24.6468,24.4004,24.8042,24.7734,24.9004,24.9216,24.859,24.8989,25.1185,25.0504,25.3298,25.1866,25.4728,25.392,25.6125,25.5197,25.8194,25.7167,25.9639,25.7909,26.2118,26.295,26.236,26.2251,26.5944,26.5378,26.5593,26.7693,26.9686,27.0952,27.0502,27.3331,27.3308,27.6278,24.4031,24.2998,24.2197,24.5706,24.5709,24.4554,24.4207,24.6566,24.7415,24.6525,24.556,24.8579,24.9651,24.7794,24.782,25.1032,24.9954,25.2728,25.0168,25.8378,25.3252,25.5858,25.4061,25.5529,25.5979,25.9645,25.7876,14.2386,26.0328,26.231,26.0917,26.5846,26.4172,26.5915,26.5848,26.8797,26.8919,26.8072,27.0603,27.0525,27.1849,24.3645,27.5629,27.8704,27.8914,28.1775,28.1582,28.4227,28.4581,28.6955,28.6503,28.9017,28.9159,28.9922,29.2301,29.1602,29.0241,29.2279,29.0485,29.1603,28.9969,29.0984,28.8738,28.9569,28.6873,28.8126,28.7922,28.7919,28.5521,28.6424,28.5489,28.6024,28.377,28.4428,28.2301,28.2848,28.1695,28.2297,28.0404,28.0896,27.8908,27.9204,27.8289,27.8392,27.7315,27.7063,27.5804,27.557,27.4401,27.3916,26.8615,27.1521,26.9783,27.1775,26.8401,27.2133,26.9586,27.2764,26.8525,27.2701,26.9482,27.2861,26.9529,27.4705,27.0233,27.3127,26.9536,27.5021,27.0016,27.2893,26.9409,27.2258,27.0249,27.2126,27.0071,27.1812,27.0525,27.1145,27.029,27.1419,27.2689,27.2702,27.3039,27.3878,27.5484,27.5673,27.5714,27.7743,27.5602,27.5957,27.4801,27.3991,27.4095,27.2385,27.2778,27.1265,27.1724,26.6131,27.0444,27.1072,37.1323,37.9271,37.2702,34.6541,27.1275,36.6312,37.5255,36.9315,34.8536,26.6712,36.6767,37.6209,36.9376,34.4404,27.0524,66.5023,-5.0,66.5023,-5.0,14.26,14.2325,14.2643,14.2566,14.2435,14.2425,14.2554,14.2534,14.2608,14.241,14.2566,14.2484,14.2555,0.000703125,0.000609375,1.68275,1.67333,9.84334,9.71216,9.55261,9.45863,9.51177,9.36911,9.51741,9.91775,9.7241,9.61146,9.52303,9.28869,9.33716,9.27308,536.327,536.354,792.349,790.768,800.043,815.377,825.083,793.85,792.655,802.281,818.322,825.173,23.737,792.218,800.804,817.227,825.002,23.8615,805.394,806.202,804.38,26.3692,802.711,803.079,798.266,24.6405,11.9916,8.40635,9.97274,0.0,367.44,378.485,371.418,376.593,330.859,328.899,330.385,-18459.7,77.8969,198.302,280.188,314.986,315.194,306.3,533.68,533.32,0.0,10.7011,536.3405,0.7690448818341235,0.2062383390710786,0.0091907042487847,0.0003791704118782,0.0151469034492817,1138.271700217856,0.0535578499338224,1.4000036482446965,137.5478484906607,1.2360038287457772e-05,36.546508855650586,803.134398604263,1390.1943289939777,0.1220319631445336,1.3918766108844784,202.5309114350921,1.678648912128341e-05,40.1013,1392.6519743299427,0.1334413858466588,1.3918942585781928,203.1894763465543,7.799752782656724,19635.25869216265,90.11546510699274,10.93514472925156,3.4152104788900752,3.747399800020559,0.4974338104324826,0.5024862004640708,0.9041188308536154,0.9199364037825136,0.8373226224020976,0.8623990517056697,0.609,11.9916,06/06/22,2022-06-06 11:27:14,105.0,105.0
1792.0,35.3609,2.0,0.500922,265.835,5.0,14.2532,14.2359,14.2518,798.768,14.2589,14.2452,14.2536,803.907,20010.3,10.7048,10.7037,10.6508,10.6132,10.5584,10.5064,10.3293,10.6516,10.6168,10.5634,10.5074,10.3189,10.6374,10.5946,10.5486,10.4863,14.1074,10.0106,10.6329,10.6351,10.5998,10.5535,10.4876,13.1371,10.0058,9.83811,8.50448,8.66379,8.93431,9.68156,10.7893,12.1083,14.1823,16.649,19.817,22.4667,23.2384,8.50142,8.63519,9.00585,9.67558,10.8484,12.3322,14.1833,16.5701,19.6724,22.6917,22.7351,23.7497,23.4157,23.4843,23.8925,23.7651,23.6025,23.6589,21.7313,21.983,22.308,22.4725,23.2729,21.8113,21.9142,22.2747,22.5196,23.4176,39.6717,39.2834,40.4294,41.7357,40.1251,27.1621,38.9338,39.0731,39.8171,41.0056,26.3583,24.3388,24.3982,24.5513,24.198,24.5344,24.6114,24.6547,24.4084,24.8205,24.7813,24.9026,24.936,24.8666,24.9069,25.1324,25.0573,25.3436,25.1951,25.4866,25.399,25.6275,25.5281,25.8336,25.7246,25.9795,25.8023,26.2271,26.3038,26.25,26.2348,26.6093,26.5469,26.5752,26.7789,26.9804,27.1023,27.0641,27.3422,27.3433,27.6376,24.422,24.307,24.2244,24.59,24.5875,24.4647,24.4296,24.6728,24.7598,24.6625,24.5644,24.8728,24.9833,24.7875,24.7885,25.1232,25.0033,25.2892,25.0249,25.8527,25.3329,25.6024,25.4146,25.5724,25.6056,25.9839,25.7953,14.2396,26.0391,26.2506,26.0995,26.6034,26.4299,26.6076,26.5967,26.898,26.9034,26.8242,27.0724,27.0693,27.1956,24.3818,27.5732,27.8788,27.9012,28.1887,28.169,28.4343,28.4669,28.7047,28.6577,28.9127,28.9235,28.9989,29.2404,29.1662,29.0338,29.2367,29.0559,29.1702,29.0044,29.1085,28.8835,28.9692,28.698,28.8206,28.7999,28.8034,28.5592,28.6523,28.5567,28.6105,28.3907,28.4515,28.2438,28.2927,28.1802,28.2386,28.0515,28.0957,27.9018,27.9266,27.8388,27.8428,27.7417,27.715,27.5918,27.5647,27.4512,27.3988,26.878,27.1638,26.9897,27.1892,26.8528,27.2266,26.9708,27.2884,26.8628,27.2791,26.9606,27.2962,26.9623,27.4823,27.0349,27.3224,26.9651,27.5141,27.0145,27.3008,26.956,27.2335,27.0375,27.2235,27.0212,27.1942,27.0687,27.1269,27.0441,27.1529,27.2854,27.2809,27.317,27.3979,27.5663,27.5798,27.5845,27.7867,27.5741,27.6077,27.4943,27.4119,27.425,27.2522,27.2903,27.1403,27.1852,26.625,27.0591,27.1215,37.1447,37.9451,37.2812,34.6593,27.1381,36.6432,37.5332,36.9402,34.8569,26.6801,36.699,37.64,36.9523,34.4484,27.0625,79.9994,0.00212669,79.9994,0.00212669,14.2599,14.2286,14.2611,14.2539,14.24,14.2393,14.2573,14.2506,14.2601,14.2403,14.2549,14.2454,14.2581,-0.000125,-0.000234375,1.67706,1.66903,9.84678,9.71524,9.55559,9.46134,9.51445,9.37131,9.51993,9.92166,9.72798,9.61544,9.52685,9.29192,9.34019,9.27612,536.29,536.314,792.261,790.719,800.054,815.254,824.981,793.737,792.571,802.169,818.316,825.021,23.7408,792.183,800.846,817.299,825.103,23.874,805.289,806.107,804.382,26.3793,802.858,803.16,798.223,24.6321,12.0023,8.49894,9.987,0.0,367.757,378.71,371.724,376.85,331.097,329.184,330.652,-18459.7,77.861,198.499,280.529,315.307,315.625,305.926,533.617,533.286,0.0,10.70425,536.3019999999999,0.769156654628466,0.2062683137006523,0.0091920400234841,0.0003792255204128,0.0150037651419883,1138.2053248121829,0.0535803709123839,1.4000167308642208,137.45141400165917,1.235987171418402e-05,36.55792270588245,803.1353847638958,1390.1650215496818,0.1220765009784182,1.3918904093447662,202.438997021124,1.67869225601198e-05,40.10805,1392.586050125633,0.1334780641040926,1.3919101692495897,203.08686389625692,7.789266403074412,19634.83376070941,90.11351489609166,10.91648944207369,3.415271757094841,3.7469276222061327,0.4975431468909232,0.5025151873384773,0.9039911406257852,0.919828714885084,0.8371772570640786,0.8622767540430659,0.609,12.0023,06/06/22,2022-06-06 11:28:06,99.99787331,99.99787331
1793.0,35.4388,2.0,0.499531,265.824,5.0,14.2522,14.2343,14.2498,801.409,14.2579,14.2438,14.2515,809.701,20008.6,10.7026,10.703,10.6506,10.6137,10.5589,10.5075,10.3297,10.6518,10.617,10.5636,10.5076,10.3174,10.6388,10.5961,10.5502,10.4875,14.1084,10.012,10.6276,10.6359,10.6009,10.5539,10.4881,13.1281,10.007,9.84012,8.50321,8.66252,8.9319,9.67858,10.7896,12.1062,14.1774,16.643,19.8119,22.4595,23.2305,8.49976,8.63435,9.00644,9.67314,10.843,12.3278,14.1792,16.5647,19.6685,22.6822,22.727,23.7368,23.4025,23.4739,23.8794,23.7543,23.5936,23.6483,21.7218,21.9725,22.2966,22.4609,23.2615,21.8006,21.9032,22.2626,22.5072,23.4063,39.6844,39.2471,40.4047,41.7223,40.1264,27.1554,38.8349,39.0507,39.871,41.0448,26.3403,24.3253,24.3831,24.5438,24.1838,24.5219,24.5965,24.6465,24.4008,24.8065,24.7733,24.9035,24.9242,24.8581,24.9002,25.1192,25.0493,25.3295,25.1869,25.4718,25.3912,25.6127,25.5197,25.8186,25.7144,25.9633,25.7916,26.2104,26.2942,26.2352,26.2233,26.5939,26.5375,26.5604,26.7688,26.9671,27.0923,27.05,27.3322,27.3314,27.6253,24.4093,24.2954,24.2129,24.5763,24.5752,24.4513,24.4159,24.6604,24.7463,24.6482,24.5516,24.8592,24.9711,24.7746,24.7811,25.1092,24.9904,25.2777,25.0124,25.8407,25.3207,25.5923,25.4022,25.5574,25.5946,25.9705,25.7824,14.2427,26.0287,26.2357,26.0886,26.5847,26.4151,26.5902,26.5839,26.8799,26.891,26.8067,27.0602,27.0527,27.1845,24.368,27.5621,27.8681,27.8876,28.1765,28.1557,28.421,28.4566,28.6914,28.6459,28.9021,28.9155,28.9901,29.2267,29.1589,29.023,29.2264,29.0472,29.1585,28.9941,29.0968,28.8756,28.9562,28.6867,28.8083,28.7919,28.7892,28.5512,28.6394,28.5483,28.5992,28.3816,28.4379,28.2312,28.279,28.1681,28.2265,28.0397,28.0827,27.889,27.912,27.8268,27.8284,27.7305,27.7022,27.5789,27.5552,27.4381,27.3886,26.8609,27.1521,26.9752,27.1782,26.8378,27.212,26.9557,27.2761,26.8487,27.2665,26.9462,27.2849,26.9501,27.4695,27.0219,27.3108,26.95,27.5015,27.0003,27.2884,26.9401,27.2218,27.024,27.2071,27.0078,27.1779,27.0539,27.1109,27.0294,27.1387,27.2691,27.2667,27.3036,27.3824,27.5485,27.5645,27.5705,27.7717,27.5607,27.5898,27.48,27.3907,27.411,27.2348,27.2783,27.1254,27.1737,26.615,27.0455,27.1075,37.1258,37.9228,37.2641,34.653,27.127,36.6283,37.5231,36.9257,34.8421,26.6678,36.6759,37.6179,36.9289,34.4313,27.0513,79.9994,2.50159,79.9994,2.50159,14.26,14.233,14.2631,14.2573,14.2438,14.243,14.256,14.2543,14.2633,14.2432,14.2568,14.2473,14.2569,-0.0004375,-0.000640625,1.67455,1.66966,9.84675,9.71558,9.55634,9.46301,9.5156,9.37333,9.52133,9.92064,9.7275,9.61458,9.52524,9.29196,9.34018,9.27727,536.31,536.332,792.19,790.582,799.88,815.193,824.779,793.68,792.583,802.064,818.19,825.001,23.7308,792.075,800.757,817.161,824.891,23.8605,805.178,805.938,804.07,26.3674,802.681,803.019,798.172,24.6257,12.0229,8.49228,10.0101,0.0,367.958,378.86,371.91,376.995,331.243,329.328,330.823,-18459.7,77.8951,198.516,280.574,315.554,315.828,307.021,533.703,533.297,0.0,10.7028,536.3209999999999,0.7691218499629525,0.2062589799717933,0.0091916240797664,0.0003792083602968,0.0150483366402392,1138.2333921677812,0.053570307053107,1.4000124475713396,137.48314422296357,1.236005020207266e-05,36.54128860644628,802.9642532318239,1390.0296806693789,0.1220449877113003,1.391894574450237,202.42558913373657,1.6784184909356927e-05,40.10311,1392.506493238246,0.1334769410224867,1.3919114829092245,203.0895256772461,7.786738942735663,19632.681530572718,90.10363729667591,10.914728246165229,3.414180271185697,3.746973689128079,0.4971710099582602,0.5022647506499529,0.904447604916494,0.9202103492812536,0.8375434279464379,0.862581236726626,0.609,12.0229,06/06/22,2022-06-06 11:28:40,97.49841,97.49841
1794.0,35.6056,2.0,0.498719,265.835,5.0,14.2543,14.236,14.2514,802.301,14.2573,14.2442,14.2538,808.055,19999.0,10.7086,10.7078,10.6557,10.6177,10.563,10.5118,10.335,10.6563,10.6216,10.5688,10.5128,10.3232,10.6426,10.6001,10.554,10.4921,14.1081,10.0171,10.6231,10.6396,10.6059,10.5586,10.4927,13.119,10.0124,9.84577,8.5193,8.67616,8.94336,9.68573,10.7893,12.1139,14.1867,16.6463,19.8072,22.4507,23.2236,8.51182,8.64345,9.01586,9.68051,10.8536,12.3318,14.1877,16.5615,19.6732,22.6761,22.7188,23.7292,23.3949,23.4628,23.8701,23.7522,23.5881,23.6447,21.7168,21.9651,22.2883,22.4537,23.2537,21.7949,21.8966,22.2569,22.4998,23.3972,39.6367,39.2288,40.3796,41.6879,40.0996,27.1387,38.8263,38.9991,39.8097,41.0246,26.3269,24.3131,24.3709,24.535,24.1804,24.5098,24.5824,24.638,24.3928,24.7942,24.7656,24.9048,24.9116,24.848,24.8927,25.1068,25.041,25.319,25.1801,25.4599,25.3832,25.6026,25.5093,25.8077,25.705,25.9545,25.7835,26.2018,26.2834,26.2237,26.2173,26.5834,26.5267,26.5473,26.7614,26.9561,27.0833,27.0381,27.3217,27.3189,27.614,24.3935,24.2895,24.2072,24.5596,24.5582,24.4454,24.4119,24.6446,24.7307,24.6436,24.5452,24.8468,24.9547,24.7705,24.7721,25.0926,24.9838,25.2611,25.0077,25.8274,25.3158,25.5775,25.3967,25.5432,25.5868,25.9548,25.7757,14.2378,26.0209,26.2188,26.0806,26.5748,26.4089,26.5807,26.5762,26.8684,26.8822,26.7969,27.052,27.0461,27.1749,24.3509,27.5492,27.8564,27.8788,28.1662,28.1435,28.4082,28.4451,28.6808,28.6339,28.889,28.9023,28.976,29.2139,29.1455,29.0117,29.2125,29.0349,29.146,28.9827,29.0841,28.8613,28.943,28.6733,28.7957,28.779,28.7778,28.5367,28.6273,28.5356,28.5865,28.3654,28.4277,28.2184,28.2663,28.1566,28.2137,28.0251,28.0719,27.8753,27.9016,27.8147,27.8147,27.7179,27.69,27.5656,27.5416,27.4268,27.3753,26.8505,27.1405,26.9652,27.1689,26.8278,27.2009,26.9447,27.2637,26.8364,27.2554,26.934,27.2733,26.9368,27.4598,27.0105,27.2992,26.9372,27.4897,26.9891,27.2766,26.9268,27.2104,27.012,27.1978,26.9939,27.1649,27.0407,27.0998,27.0165,27.1269,27.2577,27.2564,27.2899,27.3719,27.535,27.5525,27.559,27.7618,27.5472,27.5806,27.4661,27.3822,27.398,27.2253,27.2653,27.1146,27.1585,26.6047,27.0313,27.097,37.0981,37.9014,37.2406,34.6245,27.1181,36.6083,37.4928,36.9024,34.8315,26.6567,36.6635,37.6013,36.9119,34.4148,27.0364,79.9994,5.00106,79.9994,5.00106,14.26,14.2305,14.2621,14.2553,14.243,14.2407,14.2545,14.2535,14.2613,14.2425,14.2576,14.2479,14.2543,-0.000703125,-0.00084375,1.6752,1.66828,9.85244,9.72165,9.56227,9.46904,9.52219,9.37987,9.52763,9.92662,9.73384,9.62093,9.53212,9.29916,9.34689,9.28374,536.309,536.333,791.863,790.306,799.518,814.83,824.584,793.142,792.416,802.028,818.03,824.744,23.7243,791.884,800.361,816.796,824.588,23.8428,804.9,805.709,803.866,26.3561,802.391,802.767,798.0,24.6098,12.0654,8.49102,10.0076,0.0,368.132,378.947,372.06,377.117,331.285,329.411,330.88,-18459.7,77.9971,198.635,280.744,315.826,316.191,306.307,533.61,533.232,0.0,10.7082,536.3209999999999,0.7690724959189934,0.2062457444685177,0.0091910342592862,0.0003791840267454,0.0151115403415686,1138.244897610104,0.0535960625144558,1.400007890642423,137.5215557840833,1.2359820674745292e-05,36.520479862193326,802.7341551976067,1389.848455107569,0.1220076444062002,1.3918999375619705,202.40966401445095,1.6780494643188336e-05,40.07169,1392.2815082684854,0.1334160371275742,1.3919193292029457,203.06084973567548,7.786365305816599,19623.06354086624,90.05949580460893,10.908849453006304,3.41051529315789,3.7421499411665824,0.4967419795189948,0.5017390082929196,0.9043346328696366,0.9201024367828304,0.8373949086348246,0.8624360261975522,0.609,12.0654,06/06/22,2022-06-06 11:29:15,94.99894,94.99894
1795.0,35.4994,2.0,0.501563,265.827,5.0,14.251,14.2341,14.2479,801.404,14.255,14.2416,14.2502,807.915,20002.7,10.7042,10.7036,10.6511,10.6134,10.5587,10.5075,10.33,10.6523,10.6174,10.5646,10.5086,10.3191,10.6382,10.5954,10.5495,10.4875,14.1081,10.0123,10.6188,10.6355,10.6011,10.5542,10.4882,13.11,10.0077,9.8408,8.51507,8.67275,8.94053,9.68583,10.8028,12.1151,14.1754,16.6413,19.8075,22.454,23.2263,8.5086,8.64314,9.01416,9.68116,10.8504,12.331,14.1868,16.5671,19.6805,22.6835,22.7242,23.7317,23.3969,23.4657,23.8739,23.7544,23.59,23.6468,21.727,21.9752,22.2989,22.4644,23.2627,21.8035,21.9065,22.2666,22.5107,23.4096,39.6621,39.2484,40.3958,41.7016,40.0977,27.1488,38.9951,39.0404,39.7597,40.957,26.3534,24.3163,24.3755,24.5376,24.1792,24.512,24.5896,24.6389,24.3922,24.7981,24.7656,24.9029,24.9172,24.8504,24.8934,25.1129,25.0426,25.323,25.1807,25.4663,25.3855,25.6091,25.514,25.8143,25.7091,25.9631,25.7833,26.2097,26.2887,26.2324,26.2183,26.5902,26.5325,26.5561,26.7635,26.9634,27.0851,27.0441,27.3244,27.3249,27.6195,24.4042,24.2872,24.2056,24.5711,24.5701,24.4436,24.4083,24.656,24.7386,24.6414,24.5441,24.8558,24.9637,24.767,24.7709,25.1032,24.9826,25.2728,25.007,25.8364,25.3141,25.5852,25.3966,25.5555,25.5873,25.9677,25.7749,14.2436,26.0214,26.2349,26.0818,26.5875,26.4115,26.5935,26.58,26.8819,26.8878,26.8088,27.0547,27.0536,27.1811,24.3621,27.5524,27.8605,27.8791,28.1717,28.1454,28.4141,28.444,28.6869,28.6313,28.8939,28.8969,28.9734,29.2205,29.1388,29.0103,29.2201,29.0343,29.1535,28.9797,29.0922,28.863,28.9497,28.6769,28.8017,28.7814,28.7826,28.5411,28.6328,28.5389,28.5931,28.3714,28.4333,28.2279,28.2721,28.1624,28.2199,28.0327,28.0746,27.8828,27.9067,27.8187,27.8215,27.724,27.6932,27.5719,27.5461,27.4333,27.3814,26.8585,27.1476,26.9715,27.1747,26.8307,27.209,26.9478,27.273,26.8406,27.2632,26.9362,27.2822,26.9417,27.4657,27.0106,27.3062,26.9418,27.4967,26.9928,27.2834,26.9311,27.2173,27.0163,27.2049,27.0011,27.1744,27.0467,27.1078,27.0231,27.1337,27.2636,27.2626,27.2981,27.3791,27.5442,27.5596,27.5663,27.769,27.5558,27.5871,27.4742,27.3902,27.4042,27.2365,27.2728,27.1251,27.1691,26.6128,27.0425,27.1067,37.1192,37.9208,37.2646,34.6504,27.1202,36.6281,37.5096,36.9114,34.8293,26.6632,36.6684,37.6064,36.9136,34.4092,27.0476,79.9994,7.50052,79.9994,7.50052,14.2601,14.2313,14.2639,14.2569,14.2433,14.2429,14.2547,14.255,14.262,14.2439,14.2577,14.249,14.2563,-0.00015625,-0.00021875,1.67366,1.67136,9.84878,9.71741,9.55817,9.46436,9.51717,9.37445,9.52276,9.92209,9.7294,9.61647,9.52751,9.29431,9.34209,9.27866,536.271,536.297,792.074,790.348,799.683,814.913,824.679,793.442,792.577,802.133,818.071,824.65,23.7226,791.935,800.674,817.078,824.969,23.857,805.165,805.974,804.201,26.3623,802.69,803.038,798.156,24.5968,12.0868,8.48449,9.99817,0.0,368.281,379.051,372.207,377.221,331.351,329.471,330.992,-18459.7,77.923,198.637,280.729,316.06,316.478,306.15,533.595,533.302,0.0,10.7039,536.284,0.7691174022960424,0.2062577872202934,0.0091915709265732,0.0003792061674161,0.0150540324047288,1138.1953381544383,0.0535794030896829,1.4000129077592445,137.47763311799142,1.2359360099599744e-05,36.53231679673672,803.0015785737722,1390.061876538977,0.1220091004564282,1.3918916522782192,202.43846754469425,1.678473208855391e-05,40.08148,1392.3995375951465,0.1334258595694749,1.3919168208289563,203.0618583131652,7.788114109113967,19627.548577313264,90.08007975268836,10.915167455992613,3.412991227191652,3.744567867786508,0.4973439046732184,0.5021307739928846,0.9041652770757904,0.9199676859001944,0.8369690893889818,0.8620882481049578,0.609,12.0868,06/06/22,2022-06-06 11:29:49,92.49948,92.49948
1796.0,35.7022,2.0,0.501672,265.826,5.0,14.2536,14.236,14.2509,801.437,14.2577,14.2458,14.2532,806.979,19998.3,10.7055,10.7048,10.6521,10.6149,10.5598,10.5086,10.3308,10.6528,10.6185,10.5656,10.5096,10.32,10.6388,10.5959,10.5508,10.4883,14.1072,10.0134,10.6148,10.6357,10.6013,10.5544,10.4886,13.1007,10.0085,9.84135,8.52009,8.67772,8.94441,9.68725,10.8062,12.1169,14.1726,16.6416,19.8007,22.4461,23.2182,8.51121,8.64362,9.01631,9.68359,10.8533,12.3313,14.1865,16.5617,19.6805,22.6738,22.7159,23.7239,23.3918,23.4574,23.8624,23.7456,23.5802,23.6377,21.7202,21.9684,22.2921,22.4575,23.2557,21.7979,21.9009,22.2607,22.5025,23.4026,39.6532,39.2222,40.3694,41.6724,40.0774,27.1387,38.9225,39.0014,39.7609,40.9538,26.3341,24.3094,24.3692,24.5313,24.1749,24.5072,24.5819,24.6331,24.3874,24.7923,24.7604,24.9022,24.9096,24.8435,24.8869,25.1049,25.038,25.3165,25.1725,25.4602,25.3779,25.6027,25.5058,25.8094,25.7003,25.954,25.7783,26.2002,26.2805,26.2246,26.2102,26.5826,26.5243,26.5482,26.755,26.9531,27.076,27.0342,27.3153,27.3169,27.6105,24.3932,24.2802,24.1994,24.5623,24.561,24.4371,24.4026,24.6472,24.7304,24.6364,24.5377,24.845,24.9568,24.7638,24.7641,25.0953,24.9766,25.2628,24.9993,25.8275,25.3076,25.5774,25.3896,25.5465,25.5813,25.9575,25.7697,14.2418,26.0146,26.2228,26.0735,26.5769,26.4045,26.5818,26.5725,26.8709,26.8795,26.7974,27.048,27.0428,27.1714,24.3537,27.5447,27.8522,27.8695,28.1625,28.1361,28.406,28.4335,28.6762,28.6246,28.8832,28.8908,28.9647,29.2091,29.1344,29.0013,29.2106,29.0261,29.1441,28.971,29.0821,28.8556,28.9392,28.6671,28.7935,28.7727,28.7758,28.529,28.6247,28.528,28.5847,28.3618,28.4211,28.2173,28.2623,28.1516,28.2071,28.0241,28.064,27.8719,27.897,27.811,27.8126,27.7149,27.6851,27.5628,27.5361,27.4238,27.3738,26.8497,27.1381,26.9618,27.1653,26.8228,27.2,26.9394,27.2626,26.8309,27.2525,26.9268,27.2727,26.9297,27.4568,27.0031,27.2965,26.9315,27.4863,26.9822,27.275,26.9205,27.207,27.0037,27.1929,26.9853,27.1641,27.0334,27.0979,27.0104,27.1252,27.2535,27.2542,27.2845,27.3693,27.5342,27.5483,27.5544,27.7589,27.5446,27.5759,27.4615,27.3819,27.3922,27.2265,27.2583,27.1153,27.1551,26.6039,27.0284,27.0962,37.0916,37.8896,37.2392,34.6308,27.1112,36.6065,37.4944,36.9015,34.8238,26.6496,36.6534,37.5918,36.8985,34.4023,27.0358,79.9994,9.99999,79.9994,9.99999,14.2601,14.2297,14.262,14.2542,14.2431,14.2399,14.2541,14.2515,14.2593,14.2399,14.2542,14.2455,14.255,0.000484375,0.000234375,1.67944,1.67095,9.84984,9.71766,9.55938,9.46574,9.5188,9.3765,9.52502,9.92324,9.73073,9.61791,9.52896,9.29584,9.34377,9.28052,536.275,536.3,791.801,790.163,799.554,814.845,824.566,793.563,792.257,801.849,817.926,824.587,23.7108,791.716,800.571,816.898,824.637,23.8464,804.917,805.74,803.976,26.3501,802.476,802.841,797.953,24.5848,12.1151,8.49593,10.0271,0.0,368.414,379.132,372.342,377.308,331.399,329.538,331.011,-18459.7,77.8864,198.638,280.762,316.178,316.673,305.125,533.573,533.259,0.0,10.70515,536.2874999999999,0.7690502550283627,0.2062397800255424,0.0091907684627731,0.0003791730610815,0.0151400224373801,1138.2145432224945,0.0535835703602466,1.4000058654679006,137.5307858378206,1.2359106976888932e-05,36.51528298924497,802.7833312702269,1389.8957129134317,0.1219814970028908,1.3918944397915702,202.4401166612733,1.6781157845652006e-05,40.0587,1392.2793462274014,0.1333728911017778,1.3919165733697108,203.0769891673943,7.794182571338338,19622.899997154487,90.05874522536365,10.922638653506576,3.4110015262976208,3.7420026809526257,0.496927172962687,0.5018159103093025,0.9041595398490327,0.91995559054888,0.8371924491113071,0.8622668893489326,0.609,12.1151,06/06/22,2022-06-06 11:30:23,90.00001,90.00001
1797.0,35.7153,2.0,0.502016,265.831,5.0,14.253,14.2348,14.2511,800.899,14.2576,14.2424,14.2506,805.842,19997.1,10.7036,10.7028,10.6505,10.6132,10.5579,10.5072,10.3299,10.6512,10.6168,10.5641,10.5078,10.3188,10.6363,10.5936,10.5481,10.4859,14.1083,10.0108,10.6125,10.6329,10.5982,10.5522,10.4865,13.0917,10.0073,9.84146,8.52599,8.68083,8.94588,9.68513,10.795,12.12,14.1824,16.6384,19.7978,22.4401,23.2122,8.51106,8.6431,9.01626,9.68171,10.8525,12.3277,14.1843,16.5583,19.6802,22.6687,22.7098,23.7177,23.3828,23.4513,23.8581,23.7424,23.5771,23.6339,21.7064,21.9558,22.2792,22.4455,23.2407,21.7833,21.8866,22.2464,22.4886,23.3868,39.6058,39.1969,40.3367,41.6524,40.0995,27.1189,38.7645,38.9787,39.8018,41.003,26.3035,24.2986,24.3576,24.5191,24.162,24.4941,24.5692,24.6218,24.3739,24.7761,24.7495,24.8988,24.895,24.8316,24.8766,25.0898,25.0258,25.3031,25.1613,25.4436,25.3674,25.5857,25.4925,25.7921,25.6904,25.9373,25.7642,26.184,26.2657,26.2057,26.1971,26.566,26.5091,26.5298,26.7411,26.9375,27.0646,27.0209,27.3049,27.3,27.5998,24.3741,24.2747,24.191,24.5419,24.5408,24.4302,24.3945,24.627,24.7125,24.6275,24.5292,24.831,24.9355,24.7544,24.757,25.0741,24.9683,25.2427,24.9906,25.8081,25.299,25.558,25.3797,25.5236,25.5719,25.9344,25.7597,14.2387,26.0052,26.2001,26.0644,26.5575,26.3908,26.5632,26.5567,26.8516,26.8641,26.7757,27.0299,27.0257,27.1541,24.333,27.5324,27.839,27.8583,28.1506,28.1271,28.3942,28.4246,28.6656,28.6162,28.8723,28.882,28.9575,29.1995,29.1247,28.9919,29.1969,29.0139,29.1307,28.9631,29.0697,28.8426,28.9262,28.6561,28.7795,28.7621,28.7614,28.5188,28.6122,28.5166,28.5706,28.3449,28.41,28.2003,28.2468,28.1377,28.1932,28.0087,28.051,27.8596,27.8801,27.7964,27.7956,27.6994,27.668,27.5483,27.5199,27.4096,27.3542,26.8336,27.1202,26.9463,27.1462,26.8108,27.18,26.9291,27.2457,26.8193,27.2325,26.9191,27.2534,26.9192,27.4391,26.9943,27.2787,26.9215,27.4687,26.9721,27.2539,26.9098,27.1879,26.993,27.1778,26.9766,27.1471,27.0239,27.0803,26.9987,27.1077,27.2374,27.2361,27.2718,27.3513,27.5187,27.532,27.5415,27.7443,27.5309,27.5598,27.4502,27.3619,27.3795,27.2076,27.2458,27.0976,27.1416,26.5878,27.0152,27.0797,37.0765,37.8767,37.2199,34.6099,27.0988,36.5888,37.4771,36.8854,34.813,26.6378,36.6355,37.5747,36.8781,34.386,27.0219,79.9994,12.4995,79.9994,12.4995,14.2603,14.233,14.2634,14.2559,14.2445,14.2432,14.2549,14.2559,14.263,14.2442,14.2575,14.2485,14.2561,0.000953125,0.000703125,1.67136,1.66553,9.84807,9.71775,9.55873,9.46581,9.51853,9.37659,9.52541,9.92219,9.72926,9.61629,9.52844,9.29469,9.34312,9.2793,536.276,536.299,791.879,790.257,799.465,814.806,824.613,793.324,792.272,801.878,817.906,824.777,23.7046,791.651,800.292,816.63,824.608,23.8296,805.005,805.728,803.876,26.338,802.499,802.856,797.903,24.5794,12.1238,8.51368,10.0154,0.0,368.548,379.202,372.457,377.396,331.419,329.568,331.063,-18459.7,77.8702,198.559,280.711,316.2,316.919,306.55,533.596,533.304,0.0,10.7032,536.2874999999999,0.7690437623919353,0.2062380388650658,0.0091906908705511,0.0003791698599476,0.0151483370276483,1138.2159925711264,0.0535736390375796,1.4000049309946334,137.53585851429543,1.235907494599252e-05,36.498612158935735,802.7641080800151,1389.880473389563,0.1219283880536033,1.3918939190666273,202.44077646102625,1.6780834345902235e-05,40.04423,1392.2385444220502,0.1333325922732119,1.391917817070189,203.07011229856795,7.779528944178884,19621.697537726614,90.05322657178675,10.904110417431408,3.4100654158509363,3.74133249869198,0.4968913280283715,0.5017230496701868,0.9041797812237236,0.9199706358397932,0.8370299287086698,0.8621241780255652,0.609,12.1238,06/06/22,2022-06-06 11:30:57,87.5005,87.5005
1798.0,36.1441,2.0,0.502391,265.827,5.0,14.2516,14.2324,14.2481,799.561,14.2563,14.2431,14.2492,804.645,19995.1,10.7073,10.7066,10.6547,10.6171,10.562,10.5112,10.3338,10.6552,10.6203,10.5676,10.5115,10.3232,10.642,10.5986,10.5531,10.4908,14.1083,10.0185,10.6105,10.6396,10.606,10.5582,10.4931,13.0825,10.0119,9.84553,8.53275,8.68899,8.95029,9.69324,10.8177,12.1274,14.1815,16.6436,19.8008,22.4443,23.2169,8.51758,8.6505,9.02903,9.69059,10.8583,12.3357,14.1938,16.5659,19.6954,22.6764,22.7177,23.7213,23.3902,23.4556,23.8599,23.7471,23.5819,23.6409,21.7207,21.9693,22.2925,22.4578,23.2543,21.7993,21.9005,22.2617,22.5042,23.4013,39.6122,39.2067,40.345,41.6557,40.0778,27.1237,38.8419,38.9916,39.7703,40.9851,26.321,24.3031,24.3635,24.5276,24.1742,24.5003,24.5764,24.6301,24.3828,24.7853,24.7574,24.8981,24.9027,24.8423,24.8844,25.0984,25.0349,25.3112,25.17,25.4521,25.3742,25.5943,25.5021,25.8004,25.6982,25.9456,25.7723,26.1932,26.2756,26.216,26.2067,26.5737,26.5194,26.5403,26.7518,26.9454,27.069,27.0283,27.307,27.3088,27.6032,24.3887,24.2773,24.1946,24.5553,24.5541,24.4325,24.3975,24.6401,24.7257,24.6308,24.5338,24.8364,24.9512,24.7578,24.7596,25.0893,24.9715,25.2567,24.9942,25.8206,25.3023,25.5717,25.3827,25.5379,25.576,25.951,25.7619,14.2407,26.0102,26.2164,26.0668,26.571,26.3992,26.5767,26.5661,26.865,26.8739,26.7888,27.0407,27.0394,27.164,24.3476,27.5388,27.8439,27.8644,28.1547,28.1308,28.397,28.43,28.6697,28.6193,28.8751,28.8863,28.9635,29.202,29.1325,28.9966,29.2025,29.0216,29.1347,28.9659,29.0744,28.85,28.9331,28.6661,28.7842,28.7641,28.768,28.5244,28.6162,28.5213,28.5767,28.3542,28.4138,28.2107,28.2543,28.1407,28.1985,28.0126,28.054,27.8642,27.8846,27.8001,27.7989,27.7044,27.6729,27.5522,27.5252,27.4133,27.3618,26.8467,27.1295,26.9555,27.1558,26.8199,27.1907,26.9361,27.2542,26.8258,27.2421,26.9253,27.2635,26.9267,27.4463,27.0009,27.2867,26.9301,27.4767,26.9805,27.2634,26.9195,27.1968,27.0013,27.1901,26.9855,27.1556,27.0326,27.0945,27.0073,27.1198,27.2508,27.2506,27.2828,27.3656,27.5301,27.5424,27.5504,27.7566,27.5407,27.5707,27.4593,27.3736,27.3898,27.2217,27.2566,27.1135,27.1528,26.603,27.0265,27.0932,37.0812,37.8824,37.2251,34.6145,27.1073,36.5869,37.4739,36.8852,34.8128,26.6434,36.6381,37.5789,36.8868,34.3946,27.0264,79.9994,14.9989,79.9994,14.9989,14.2603,14.2297,14.2608,14.2538,14.2414,14.241,14.2554,14.2522,14.2601,14.2408,14.2534,14.2454,14.2548,0.000796875,0.00059375,1.67761,1.67005,9.85316,9.72244,9.56429,9.46998,9.52322,9.38081,9.52924,9.92698,9.73478,9.62202,9.53374,9.30009,9.34838,9.28518,536.274,536.292,791.787,790.076,799.401,814.696,824.343,793.293,792.098,801.683,817.76,824.607,23.7043,791.814,800.385,816.739,824.483,23.8398,804.719,805.512,803.709,26.3457,802.488,802.867,797.988,24.5771,12.1618,8.54478,10.0372,0.0,368.663,379.283,372.567,377.464,331.451,329.613,331.109,-18459.7,77.9007,198.648,280.774,316.445,317.136,305.672,533.645,533.252,0.0,10.70695,536.283,0.7689077228153944,0.2062015564997625,0.0091890650883066,0.0003791027869022,0.0153225518249566,1138.2426827588715,0.0535893371034829,1.3999910671221685,137.6407379362086,1.235835304752219e-05,36.50137315429912,802.6762630737071,1389.844012652928,0.121942942735863,1.391882488524351,202.53127307579007,1.677899593092711e-05,40.04714,1392.2163955252668,0.133345276253483,1.3919055497976107,203.16480600755543,7.790883375276604,19619.275028262804,90.04210853303411,10.91657044295981,3.409128944685379,3.7402939212380746,0.4967400851298793,0.5016032579813269,0.9041392311493572,0.9199334789643248,0.8370373326449959,0.862124968355183,0.609,12.1618,06/06/22,2022-06-06 11:31:32,85.0011,85.0011
1799.0,36.1122,2.0,0.501719,265.829,5.0,14.2551,14.2367,14.2522,799.09,14.2593,14.2459,14.2532,804.132,20000.7,10.7131,10.713,10.6586,10.6215,10.5659,10.5152,10.3376,10.6602,10.625,10.572,10.5161,10.3277,10.6454,10.6029,10.5567,10.4946,14.1096,10.0199,10.6088,10.643,10.6083,10.5611,10.4952,13.0736,10.0154,9.84857,8.53552,8.68992,8.95211,9.69139,10.8244,12.1292,14.1774,16.6441,19.807,22.454,23.2242,8.51681,8.65034,9.02715,9.69207,10.8571,12.3374,14.1973,16.5778,19.7071,22.6921,22.7328,23.7309,23.3977,23.4633,23.8708,23.7551,23.5926,23.6537,21.738,21.986,22.3102,22.4766,23.2753,21.8158,21.9175,22.279,22.5226,23.4214,39.6388,39.2612,40.4015,41.7008,40.0938,27.1479,39.1514,39.0543,39.7164,40.9187,26.3807,24.3229,24.3861,24.5401,24.1829,24.5209,24.6005,24.6428,24.3943,24.8097,24.7695,24.8984,24.9258,24.8552,24.8982,25.1227,25.0492,25.3331,25.1834,25.4781,25.3891,25.6205,25.5169,25.8266,25.7142,25.9751,25.788,26.2211,26.294,26.2453,26.2225,26.6027,26.5395,26.5727,26.7684,26.9765,27.0952,27.0587,27.3353,27.338,27.6291,24.414,24.2918,24.2097,24.5815,24.5786,24.4476,24.413,24.6626,24.749,24.6485,24.5479,24.8645,24.9742,24.7729,24.7735,25.1127,24.9886,25.2818,25.0117,25.8472,25.3198,25.5954,25.4007,25.5668,25.5936,25.9796,25.7827,14.2425,26.0302,26.248,26.0876,26.5996,26.4162,26.6043,26.5837,26.8906,26.8916,26.8176,27.0616,27.0635,27.1839,24.3722,27.5648,27.8701,27.8898,28.1833,28.1554,28.4249,28.4526,28.6975,28.6402,28.9029,28.9043,28.9798,29.2313,29.1489,29.0184,29.2314,29.043,29.1647,28.9891,29.1047,28.8748,28.9634,28.6826,28.8167,28.7881,28.797,28.5457,28.6477,28.5448,28.6077,28.3798,28.444,28.234,28.283,28.172,28.2288,28.0427,28.0815,27.8925,27.9096,27.8305,27.8256,27.7324,27.7024,27.5821,27.5554,27.443,27.3897,26.8671,27.1497,26.9762,27.1777,26.8353,27.2101,26.9491,27.2747,26.8384,27.2629,26.9353,27.2847,26.9396,27.4698,27.0144,27.3085,26.9419,27.5003,26.992,27.2876,26.9333,27.2177,27.0173,27.2096,27.0032,27.1786,27.0488,27.1125,27.0293,27.1399,27.2708,27.2683,27.3072,27.3847,27.553,27.565,27.5752,27.7746,27.5642,27.5872,27.4833,27.3894,27.4141,27.2375,27.2818,27.1338,27.176,26.6222,27.0503,27.1126,37.1235,37.9263,37.2711,34.6596,27.1332,36.6245,37.5085,36.9058,34.824,26.6729,36.6687,37.6129,36.9255,34.4324,27.0534,79.9994,17.4984,79.9994,17.4984,14.2607,14.2319,14.2615,14.2555,14.2421,14.2412,14.2568,14.2541,14.2621,14.2407,14.2557,14.2464,14.2556,0.00065625,0.000484375,1.67578,1.66845,9.8569,9.72494,9.56588,9.47202,9.52475,9.38201,9.52948,9.93104,9.73787,9.62509,9.53675,9.30305,9.35023,9.28731,536.317,536.336,792.169,790.346,799.605,814.905,824.473,793.355,792.425,801.974,817.943,824.534,23.7268,791.752,800.747,817.145,824.916,23.8643,805.156,806.036,804.355,26.3702,802.914,803.296,798.337,24.6273,12.1409,8.44611,10.0396,0.0,368.778,379.366,372.683,377.544,331.479,329.637,331.168,-18459.7,77.8724,198.625,280.79,316.514,317.202,306.024,533.718,533.386,0.0,10.71305,536.3265,0.768907837902944,0.2062015873633254,0.0091890664636952,0.0003791028436451,0.0153224044417123,1138.2887807995714,0.0536155208815995,1.399990914059645,137.65114902910858,1.2359145322183787e-05,36.5357631011143,803.1570236595488,1390.250494163729,0.12198457429475,1.3918585791276064,202.6494819879712,1.678632131125067e-05,40.08556,1392.4017577389716,0.1334368788415265,1.3918955790557457,203.218384902156,7.786502685942842,19623.975014079497,90.0636789851737,10.904662358906386,3.4103978886604938,3.741750481888912,0.4975150839265798,0.5018884330098674,0.9039368829242894,0.9197682653992064,0.8360171339635861,0.8612666285960038,0.609,12.1409,06/06/22,2022-06-06 11:32:06,82.5016,82.5016
1800.0,36.4878,2.0,0.50425,265.831,5.0,14.2532,14.2351,14.2503,798.935,14.2582,14.2441,14.2531,804.095,20015.3,10.7033,10.7025,10.6492,10.6117,10.5566,10.5054,10.3278,10.6505,10.6159,10.5626,10.506,10.3161,10.6349,10.5922,10.5462,10.4843,14.1096,10.0093,10.6068,10.6325,10.5982,10.5514,10.485,13.0653,10.0044,9.83701,8.5143,8.66658,8.93191,9.67451,10.805,12.1169,14.1761,16.6347,19.8034,22.4528,23.2263,8.49374,8.63095,9.00582,9.6728,10.8375,12.3265,14.1794,16.5739,19.7042,22.69,22.7339,23.7251,23.3956,23.4662,23.873,23.7558,23.5919,23.647,21.7304,21.9786,22.3029,22.468,23.2681,21.8073,21.9107,22.2707,22.5137,23.4157,39.6422,39.2585,40.4162,41.7158,40.1217,27.1498,38.9407,39.0737,39.8147,41.0108,26.3556,24.3262,24.3882,24.5435,24.1843,24.5224,24.6003,24.6436,24.3958,24.8093,24.768,24.8975,24.9267,24.8543,24.8975,25.1229,25.0466,25.3333,25.1863,25.4763,25.3883,25.6193,25.5151,25.8252,25.7127,25.9699,25.7873,26.2175,26.2911,26.2405,26.2229,26.6002,26.5369,26.5654,26.7695,26.9737,27.0978,27.0547,27.3373,27.3343,27.6341,24.4099,24.3012,24.2184,24.5743,24.574,24.4563,24.4196,24.6587,24.7446,24.6547,24.555,24.8635,24.9712,24.7789,24.78,25.1072,24.9939,25.2755,25.0162,25.8402,25.3219,25.5883,25.4053,25.5573,25.5966,25.9698,25.7832,14.2393,26.0319,26.2362,26.0893,26.5912,26.4135,26.5965,26.582,26.8873,26.8916,26.8137,27.06,27.0585,27.1847,24.3657,27.5648,27.8765,27.8933,28.188,28.1603,28.4305,28.4609,28.7044,28.648,28.9104,28.9166,28.992,29.24,29.1596,29.0273,29.2404,29.0504,29.1725,28.9973,29.1113,28.8785,28.9685,28.6855,28.8219,28.7928,28.8044,28.5486,28.6543,28.5487,28.6129,28.3764,28.4485,28.2331,28.2865,28.1717,28.2308,28.0422,28.0836,27.8939,27.9105,27.8295,27.8259,27.7344,27.6991,27.5841,27.5534,27.444,27.3899,26.8659,27.1507,26.9822,27.1772,26.8389,27.2102,26.9574,27.2756,26.8511,27.264,26.9472,27.2844,26.95,27.4699,27.0221,27.31,26.9521,27.4993,26.9999,27.2867,26.9416,27.2171,27.0225,27.207,27.0062,27.1749,27.0522,27.1105,27.03,27.137,27.2707,27.2665,27.303,27.3842,27.5491,27.5619,27.5709,27.7726,27.5591,27.5861,27.4795,27.385,27.4112,27.235,27.2786,27.1307,27.1739,26.6208,27.0461,27.1116,37.1251,37.9252,37.2743,34.6633,27.1304,36.638,37.5289,36.9339,34.8558,26.6681,36.6975,37.6359,36.943,34.4487,27.0535,79.9994,19.9978,79.9994,19.9978,14.2608,14.2317,14.2629,14.2551,14.2424,14.2409,14.2558,14.2539,14.2599,14.2419,14.2555,14.2465,14.2566,-0.00078125,-0.000875,1.66983,1.66131,9.84531,9.71338,9.55303,9.46094,9.51266,9.37041,9.51858,9.91774,9.72509,9.61172,9.52292,9.28916,9.33785,9.27394,536.358,536.381,792.398,790.877,800.221,815.467,825.191,793.786,792.731,802.247,818.304,824.974,23.7286,792.556,801.102,817.603,825.363,23.8698,805.497,806.337,804.58,26.368,803.207,803.66,798.808,24.63,12.0951,8.48061,10.0258,0.0,368.942,379.532,372.85,377.696,331.625,329.748,331.271,-18459.7,77.8887,198.632,280.849,316.599,317.387,306.59,533.679,533.3,0.0,10.7029,536.3695,0.7687546585791819,0.2061605085523757,0.0091872358477,0.0003790273200071,0.0155185687162536,1138.369296239985,0.0535564371741397,1.399972462613425,137.78101793608604,1.2359192649102156e-05,36.55187529692861,803.4867229569932,1390.570922095521,0.1219791279542064,1.3918235555987892,202.8569352121831,1.6790773535026425e-05,40.10051,1392.8429667113137,0.1333980707015492,1.3918524977407358,203.4614874309692,7.772130191762508,19636.91102199996,90.12304842810572,10.895771467907752,3.415137513844716,3.746695755356025,0.498009717101724,0.5026518099929246,0.9035949591808528,0.9194955945176352,0.8362640587434785,0.8615000364939271,0.609,12.0951,06/06/22,2022-06-06 11:32:41,80.0022,80.0022
1802.0,37.0387,2.0,0.503969,265.84,5.0,14.2518,14.2343,14.2484,797.628,14.2584,14.2426,14.253,802.488,20010.5,10.7066,10.7061,10.6539,10.6162,10.5611,10.5104,10.3324,10.655,10.6202,10.5675,10.5109,10.3214,10.6423,10.5999,10.5538,10.4915,14.1095,10.0172,10.6077,10.6392,10.6056,10.5579,10.4918,13.0479,10.01,9.84429,8.53231,8.6814,8.94474,9.68319,10.8182,12.1357,14.1872,16.6411,19.8088,22.4614,23.2322,8.50602,8.64287,9.01584,9.68138,10.8458,12.3306,14.1891,16.5839,19.7274,22.7029,22.7448,23.7317,23.399,23.4686,23.8769,23.7611,23.5976,23.6549,21.7415,21.9891,22.3144,22.4798,23.2778,21.8176,21.9208,22.2815,22.5252,23.4249,39.6181,39.2605,40.3983,41.7054,40.1044,27.1486,38.9174,39.0618,39.802,41.0058,26.3564,24.3257,24.3871,24.5423,24.1852,24.5203,24.5997,24.6436,24.3972,24.8084,24.7706,24.9445,24.9251,24.854,24.8965,25.1214,25.0473,25.3336,25.1835,25.475,25.3906,25.618,25.5186,25.8243,25.7138,25.9714,25.7891,26.218,26.2951,26.2423,26.2232,26.5998,26.5394,26.5664,26.7692,26.9711,27.0932,27.0542,27.3324,27.3353,27.6289,24.4162,24.2966,24.2123,24.5837,24.5833,24.4508,24.4147,24.6658,24.754,24.6479,24.5503,24.8643,24.9783,24.773,24.7776,25.1157,24.9887,25.2822,25.0104,25.8489,25.3192,25.5976,25.4008,25.5674,25.5946,25.979,25.7816,14.2424,26.0287,26.2446,26.088,26.5982,26.4191,26.6031,26.5871,26.8914,26.8968,26.82,27.064,27.0651,27.1903,24.3742,27.5637,27.87,27.8898,28.1823,28.1562,28.4255,28.4557,28.7001,28.6467,28.9046,28.9117,28.9882,29.2342,29.1581,29.023,29.2322,29.0473,29.1653,28.9918,29.1057,28.8743,28.9622,28.6911,28.8174,28.7887,28.7979,28.5482,28.6505,28.5464,28.6079,28.3854,28.4453,28.2377,28.2815,28.1673,28.2251,28.0386,28.0761,27.8895,27.8977,27.8269,27.8086,27.7298,27.6831,27.5778,27.5392,27.439,27.3803,26.8707,27.1547,26.9859,27.1804,26.8443,27.2154,26.9615,27.2792,26.8527,27.2669,26.9476,27.2878,26.9522,27.4745,27.0237,27.3122,26.9534,27.5029,27.0045,27.2887,26.9435,27.2177,27.0253,27.2104,27.0101,27.1774,27.0564,27.1134,27.0331,27.1392,27.2749,27.2686,27.3083,27.3855,27.5547,27.5662,27.5769,27.7769,27.5666,27.5863,27.4855,27.3801,27.4158,27.2272,27.2842,27.1283,27.1782,26.6247,27.0518,27.1159,37.1444,37.9372,37.2841,34.6721,27.1355,36.6288,37.5208,36.9269,34.8494,26.6698,36.6907,37.6268,36.9349,34.436,27.0521,79.9994,30.0,79.9994,30.0,14.2611,14.2342,14.2649,14.2577,14.2454,14.2442,14.2536,14.255,14.2649,14.2447,14.2587,14.2482,14.2542,0.000328125,0.000203125,1.67623,1.66927,9.85077,9.71927,9.56077,9.46644,9.5191,9.37646,9.52516,9.92514,9.73204,9.61894,9.53019,9.29681,9.34437,9.28174,536.3,536.315,792.125,790.418,799.713,815.01,824.81,793.662,792.312,801.797,817.98,824.822,23.7289,792.113,800.701,817.286,825.109,23.8732,805.194,806.018,804.293,26.3699,803.044,803.414,798.5,24.6139,12.1211,8.50435,10.0295,0.0,369.198,379.727,373.096,377.914,331.708,329.874,331.406,-18459.7,77.9451,198.715,281.046,316.742,317.592,306.525,533.656,533.344,0.0,10.70635,536.3075,0.7686009222191886,0.2061192803584317,0.0091853985746743,0.0003789515217275,0.015715446341693,1138.339292496266,0.0535759255928602,1.3999579232134247,137.88578277985823,1.235734572001557e-05,36.55006486421547,803.2129577597134,1390.3826529393416,0.1220056526054085,1.3918196856761746,202.9162849203462,1.6786041586132363e-05,40.087950000000006,1392.5829850935395,0.1334059203250581,1.391852917887365,203.4999136943119,7.787698966834503,19632.71922110408,90.10381027630493,10.913913721758908,3.4138679255036,3.7443152895244416,0.4976724318785648,0.5021562567494705,0.9039442170810682,0.9197806640074024,0.8365090309871892,0.8617004877645903,0.609,12.1211,06/06/22,2022-06-06 11:33:49,70.0,70.0
1803.0,36.9425,2.0,0.502813,265.835,5.0,14.2539,14.2341,14.252,797.214,14.2558,14.2434,14.2513,801.884,20011.6,10.7086,10.7076,10.6546,10.6173,10.5617,10.5106,10.3334,10.6562,10.6217,10.5686,10.5123,10.3227,10.6415,10.5982,10.5527,10.4905,14.1098,10.0156,10.6061,10.6397,10.606,10.5576,10.4915,13.0392,10.0099,9.84316,8.5327,8.67983,8.9421,9.67792,10.8203,12.1353,14.1839,16.6382,19.8052,22.4598,23.2317,8.49995,8.63751,9.0135,9.67927,10.8424,12.3303,14.1912,16.5887,19.7409,22.7111,22.751,23.7325,23.4002,23.472,23.8805,23.7654,23.6008,23.6592,21.7476,21.9966,22.3211,22.485,23.2838,21.8254,21.9289,22.2889,22.5329,23.4327,39.6255,39.279,40.4126,41.7203,40.1178,27.1526,39.1542,39.1028,39.7756,40.9774,26.3918,24.3309,24.3943,24.546,24.1897,24.5288,24.6081,24.6469,24.4006,24.8177,24.7744,24.9422,24.9345,24.8576,24.9006,25.131,25.0509,25.3437,25.1891,25.4882,25.3931,25.6331,25.5212,25.8356,25.7189,25.9839,25.7941,26.2312,26.2997,26.2562,26.2281,26.6138,26.5458,26.5812,26.7764,26.9861,27.1103,27.069,27.3502,27.3486,27.6494,24.4215,24.301,24.2184,24.5882,24.5866,24.4562,24.4201,24.6703,24.7557,24.6548,24.5568,24.8754,24.9828,24.7804,24.7846,25.1209,24.9941,25.2905,25.0183,25.855,25.3281,25.6041,25.4092,25.5733,25.6012,25.9879,25.7897,14.2431,26.0392,26.2553,26.0975,26.6075,26.4285,26.6119,26.5952,26.9003,26.9056,26.8258,27.0735,27.072,27.1991,24.3799,27.5748,27.8898,27.9004,28.2041,28.1637,28.4453,28.4619,28.7211,28.6516,28.9285,28.9165,28.9905,29.2589,29.1611,29.0309,29.258,29.0543,29.1898,29.0014,29.1322,28.8849,28.9856,28.6954,28.8382,28.8038,28.8179,28.564,28.6717,28.5625,28.6273,28.3919,28.465,28.2466,28.3014,28.1844,28.2442,28.0562,28.0929,27.9064,27.913,27.8422,27.8239,27.747,27.6993,27.5949,27.5572,27.455,27.3943,26.8749,27.163,26.9872,27.1921,26.8451,27.2252,26.961,27.2895,26.8482,27.278,26.9467,27.301,26.9485,27.4835,27.0208,27.324,26.9521,27.5132,27.0021,27.3001,26.9418,27.2268,27.0237,27.2179,27.0101,27.1846,27.0573,27.1208,27.035,27.1468,27.2809,27.2779,27.3128,27.3951,27.5622,27.5742,27.5818,27.7833,27.5718,27.5935,27.4908,27.3839,27.4221,27.2306,27.2912,27.1343,27.1856,26.6327,27.0589,27.1278,37.1493,37.95,37.2911,34.681,27.1436,36.6375,37.523,36.9267,34.8461,26.6807,36.7002,37.6392,36.953,34.4576,27.0598,79.9994,34.9989,79.9994,34.9989,14.2612,14.234,14.2656,14.2565,14.2441,14.243,14.2557,14.2552,14.264,14.2439,14.2569,14.2496,14.2567,0.00115625,0.00125,1.67866,1.67297,9.85182,9.71927,9.55906,9.46597,9.51859,9.37638,9.52418,9.92462,9.73097,9.61806,9.52952,9.29525,9.34334,9.28002,536.328,536.347,792.374,790.587,799.941,815.247,824.988,793.678,792.67,802.193,818.272,824.876,23.734,791.962,801.171,817.696,825.579,23.88,805.478,806.315,804.607,26.3783,803.507,803.856,798.761,24.5762,12.1317,8.49191,10.0437,0.0,369.314,379.837,373.211,378.001,331.746,329.907,331.469,-18459.7,77.9431,198.761,281.156,317.019,317.892,306.808,533.652,533.237,0.0,10.7081,536.3375,0.7686226126585787,0.2061250971843403,0.0091856577928528,0.0003789622159965,0.0156876691639191,1138.366043438646,0.0535822439197509,1.39995979971803,137.8761374689598,1.235799261030253e-05,36.55785728713927,803.5537360065148,1390.6639231705376,0.121981088824463,1.3918045312532623,202.9823172241892,1.6791306092693376e-05,40.11426000000001,1392.7764195202328,0.1334556927026334,1.391844017175992,203.54003033447137,7.795067212830186,19633.33707117732,90.10664588176292,10.92269495079538,3.414037717908805,3.7461603832612704,0.4982240399123962,0.502511695838286,0.9037051071877124,0.9195858848650028,0.8356153271467223,0.8609438309306702,0.609,12.1317,06/06/22,2022-06-06 11:34:23,65.00110000000001,65.00110000000001
1804.0,36.365,2.0,0.501828,265.826,5.0,14.2545,14.2363,14.2512,796.368,14.258,14.2457,14.2542,800.919,20017.0,10.7005,10.6999,10.6476,10.61,10.5551,10.5039,10.3266,10.6487,10.6144,10.5611,10.505,10.3153,10.634,10.5913,10.5453,10.4835,14.1093,10.0087,10.6031,10.6322,10.5979,10.551,10.4855,13.0299,10.0034,9.83599,8.52964,8.67546,8.93756,9.67693,10.822,12.1388,14.1718,16.6256,19.7981,22.4531,23.2254,8.49885,8.63627,9.01082,9.67491,10.8379,12.3274,14.1843,16.5828,19.7384,22.7023,22.7459,23.726,23.3953,23.4651,23.8739,23.7596,23.5934,23.6531,21.7423,21.9909,22.3156,22.482,23.2795,21.8213,21.9235,22.2825,22.5276,23.4269,39.6051,39.2648,40.3974,41.7114,40.1069,27.1442,39.0874,39.0666,39.7724,40.9777,26.3789,24.3171,24.3802,24.5389,24.1811,24.5147,24.5938,24.6395,24.3921,24.803,24.7664,24.9378,24.9209,24.8504,24.8933,25.117,25.0427,25.3316,25.1826,25.4732,25.3877,25.6158,25.5157,25.8209,25.7129,25.9694,25.7857,26.2157,26.2941,26.2385,26.2227,26.5972,26.5389,26.5661,26.7684,26.9695,27.0916,27.0526,27.3327,27.334,27.6289,24.4122,24.2905,24.2054,24.5752,24.5771,24.446,24.4099,24.6602,24.7467,24.6436,24.544,24.8582,24.9715,24.7698,24.7718,25.1132,24.9826,25.2802,25.0053,25.8443,25.3145,25.5943,25.3972,25.5627,25.5892,25.9783,25.7769,14.2405,26.0269,26.2451,26.0833,26.5999,26.4192,26.6036,26.5854,26.8917,26.8968,26.8162,27.0646,27.0647,27.1896,24.3684,27.5604,27.8703,27.887,28.1827,28.1508,28.426,28.4482,28.7013,28.6378,28.9091,28.9034,28.9786,29.24,29.149,29.0183,29.2393,29.0413,29.1701,28.9871,29.1119,28.8713,28.9664,28.6872,28.8224,28.7859,28.7998,28.5458,28.6574,28.5445,28.6104,28.3839,28.4515,28.2386,28.283,28.1687,28.226,28.0406,28.0746,27.8896,27.8962,27.8277,27.8006,27.7325,27.6756,27.5795,27.5375,27.4414,27.3765,26.8676,27.1515,26.9779,27.1823,26.8335,27.2141,26.9517,27.2803,26.8384,27.2671,26.9373,27.2897,26.94,27.4729,27.0134,27.3132,26.9438,27.5035,26.9942,27.289,26.9378,27.2179,27.0181,27.2081,27.0053,27.1756,27.0527,27.1113,27.0306,27.1354,27.2734,27.2688,27.3075,27.3845,27.5589,27.5675,27.5785,27.7746,27.5683,27.5824,27.4857,27.3736,27.4166,27.2183,27.2839,27.1226,27.1792,26.625,27.053,27.118,37.1438,37.9408,37.2903,34.678,27.1333,36.629,37.5123,36.9074,34.825,26.6693,36.6858,37.6241,36.9395,34.4506,27.0472,79.9994,39.9978,79.9994,39.9978,14.2615,14.2326,14.2654,14.2578,14.245,14.2436,14.2553,14.2543,14.2621,14.2445,14.2574,14.247,14.2564,-3.125e-05,-0.00028125,1.67125,1.66739,9.84525,9.71361,9.55491,9.46055,9.51378,9.37075,9.52001,9.91907,9.72535,9.61277,9.52369,9.28969,9.33812,9.27492,536.337,536.356,792.521,790.672,799.969,815.292,825.017,793.799,792.693,802.149,818.259,824.974,23.728,792.148,801.06,817.613,825.477,23.8735,805.441,806.273,804.531,26.3685,803.566,803.907,798.775,24.5547,12.1209,8.47684,10.0439,0.0,369.44,379.952,373.337,378.119,331.852,330.001,331.556,-18459.7,77.9711,198.624,281.06,316.822,317.791,305.933,533.777,533.384,0.0,10.7002,536.3465,0.7688016055896861,0.2061730985503062,0.0091877969021965,0.0003790504667931,0.0154584475064764,1138.3340986275998,0.0535464404742717,1.3999775963298595,137.7388743561962,1.2358996352503797e-05,36.5468579781632,803.544409613201,1390.6063152304707,0.1219563974944018,1.3918258584852992,202.8324440951532,1.679182200216988e-05,40.09674,1392.7513361493034,0.1334040666263652,1.391862952666692,203.3997394718596,7.780071910350552,19639.186113937954,90.13348989828792,10.909278526875616,3.415530361877648,3.747288835722697,0.4981815106711817,0.5025419823441253,0.9039371477607772,0.919783499978226,0.8360767191433719,0.8613435513264299,0.609,12.1209,06/06/22,2022-06-06 11:34:57,60.0022,60.0022
1805.0,37.0444,2.0,0.503375,265.834,5.0,14.2543,14.2383,14.2522,794.88,14.2597,14.2462,14.254,799.379,20010.2,10.7082,10.7073,10.6539,10.6168,10.5617,10.5106,10.333,10.6552,10.6205,10.5674,10.5114,10.3211,10.6398,10.5968,10.5516,10.489,14.1098,10.0142,10.6019,10.637,10.6029,10.5552,10.4903,13.0214,10.0099,9.84319,8.53799,8.68181,8.94121,9.67287,10.816,12.1406,14.1893,16.631,19.7975,22.4479,23.2203,8.49802,8.63398,9.00939,9.67411,10.8398,12.3238,14.1863,16.5839,19.7491,22.7072,22.7493,23.7159,23.3856,23.4592,23.8678,23.754,23.5889,23.6478,21.7374,21.9852,22.3102,22.4747,23.2721,21.8144,21.9166,22.2778,22.5212,23.4204,39.5837,39.2377,40.3764,41.6793,40.1015,27.1299,39.0014,39.0802,39.7721,40.9725,26.3595,24.3186,24.3826,24.5303,24.1733,24.5153,24.5949,24.6296,24.3829,24.8034,24.7557,24.9347,24.9205,24.8399,24.8821,25.1156,25.0312,25.3279,25.1716,25.4705,25.3765,25.6136,25.5035,25.8186,25.7009,25.9639,25.7765,26.2121,26.2805,26.2354,26.2107,26.5955,26.527,26.5634,26.7577,26.9684,27.0911,27.0506,27.3308,27.3301,27.6287,24.4063,24.2881,24.2026,24.571,24.5727,24.4431,24.406,24.6546,24.7409,24.6402,24.5432,24.8558,24.9671,24.7653,24.7653,25.1041,24.9798,25.2715,25.004,25.8373,25.3127,25.5863,25.3911,25.5569,25.5864,25.9674,25.7731,14.2418,26.0225,26.2359,26.081,26.5906,26.4071,26.5936,26.5754,26.882,26.8851,26.8092,27.0544,27.0561,27.1793,24.3641,27.5589,27.8707,27.886,28.1853,28.1524,28.4269,28.4481,28.7022,28.6385,28.9079,28.9067,28.9813,29.2406,29.1494,29.0168,29.2398,29.0411,29.1693,28.9868,29.1127,28.8692,28.9635,28.6785,28.8208,28.7823,28.7974,28.5406,28.6553,28.5395,28.6076,28.3723,28.4479,28.2261,28.2815,28.1627,28.2228,28.0338,28.0709,27.8828,27.8883,27.8217,27.7945,27.7262,27.6655,27.575,27.5276,27.4343,27.3691,26.8603,27.144,26.9729,27.1711,26.8307,27.2024,26.9468,27.2692,26.8384,27.2552,26.9336,27.2769,26.9396,27.4609,27.0109,27.302,26.9413,27.4912,26.9906,27.2762,26.9319,27.2035,27.0124,27.1943,26.997,27.1623,27.0439,27.096,27.0215,27.124,27.2624,27.2557,27.2948,27.3741,27.5429,27.5557,27.5655,27.7619,27.5548,27.5704,27.4732,27.3599,27.403,27.2009,27.272,27.1044,27.1674,26.6125,27.04,27.1076,37.1254,37.9161,37.259,34.6497,27.1255,36.6165,37.5086,36.9085,34.83,26.6587,36.675,37.614,36.9277,34.4406,27.0359,79.9994,45.001,79.9994,45.001,14.2615,14.23,14.2615,14.2533,14.2427,14.2438,14.2567,14.2524,14.2601,14.2405,14.2558,14.2457,14.2585,-0.000890625,-0.0010625,1.67138,1.66373,9.85085,9.71949,9.55956,9.46678,9.51947,9.37741,9.52489,9.92416,9.73125,9.61863,9.52958,9.29614,9.34433,9.28105,536.351,536.376,792.326,790.364,799.686,814.992,824.802,793.908,792.539,802.054,818.085,824.86,23.7162,792.156,800.783,817.473,825.289,23.8615,805.274,806.113,804.365,26.3578,803.225,803.65,798.933,24.5449,12.1441,8.42818,10.0507,0.0,369.558,380.048,373.44,378.215,331.896,330.076,331.651,-18459.7,77.9344,198.756,281.209,317.009,317.964,306.439,533.685,533.367,0.0,10.70775,536.3634999999999,0.768577824228808,0.2061130860630343,0.0091851225351305,0.0003789401334786,0.0157450260552934,1138.4038431851525,0.0535767280692662,1.3999544468330565,137.9173550553112,1.2358251287798806e-05,36.53475700916756,803.40093669144,1390.546471424951,0.121924645721556,1.3918062491665446,202.98167465835024,1.6788807482240323e-05,40.07773,1392.6740684701456,0.1333536261610624,1.3918442425471595,203.54398992095344,7.775986687726432,19631.3116713211,90.09735036633668,10.896718651186305,3.4119919692902387,3.742871284817072,0.4978665339670581,0.5021885344547122,0.9035586377823284,0.9194540897531162,0.8357265496324446,0.8610270784712512,0.609,12.1441,06/06/22,2022-06-06 11:35:31,54.999,54.999
1806.0,37.515,2.0,0.501859,265.822,5.0,14.2522,14.234,14.2503,792.844,14.2578,14.245,14.2516,797.34,20007.2,10.7093,10.7081,10.6562,10.6185,10.5633,10.512,10.3347,10.6573,10.6222,10.5698,10.5136,10.3251,10.6423,10.5998,10.5539,10.4917,14.1093,10.0175,10.6001,10.64,10.6058,10.5589,10.4928,13.0113,10.0127,9.84656,8.549,8.69178,8.94965,9.67748,10.8366,12.1507,14.1839,16.6287,19.7938,22.4461,23.2203,8.5049,8.64478,9.02347,9.68524,10.8451,12.3323,14.2026,16.5972,19.7682,22.7197,22.7577,23.7178,23.3889,23.4618,23.8729,23.7619,23.5961,23.6566,21.7471,21.9969,22.3227,22.4867,23.2829,21.8251,21.93,22.2893,22.5327,23.4311,39.5707,39.2562,40.3661,41.6699,40.0864,27.1318,39.2229,39.0972,39.7099,40.9084,26.395,24.32,24.3836,24.5324,24.1773,24.516,24.5974,24.632,24.3872,24.8057,24.7568,24.9301,24.9229,24.8427,24.8855,25.1169,25.0336,25.3306,25.1754,25.4735,25.3808,25.6184,25.5079,25.8221,25.7074,25.9737,25.7803,26.2185,26.2876,26.2437,26.215,26.6007,26.5329,26.5688,26.7651,26.9707,27.0891,27.0533,27.3316,27.331,27.6302,24.4115,24.2874,24.201,24.5766,24.5764,24.4412,24.4034,24.6611,24.7452,24.6362,24.5392,24.8609,24.9697,24.7618,24.7666,25.1095,24.9777,25.2796,25.0009,25.843,25.3101,25.5924,25.3927,25.5642,25.5858,25.977,25.7737,14.2406,26.0228,26.2452,26.0791,26.5983,26.4126,26.6017,26.5825,26.8905,26.8914,26.818,27.0596,27.0624,27.184,24.3699,27.5591,27.8728,27.8843,28.1868,28.1464,28.428,28.442,28.7038,28.6305,28.9115,28.8931,28.9703,29.2436,29.1372,29.0095,29.2436,29.0344,29.1719,28.9803,29.116,28.8648,28.9679,28.6808,28.8237,28.7811,28.8009,28.541,28.6592,28.5416,28.6108,28.3741,28.4518,28.2327,28.2872,28.1658,28.2254,28.0374,28.074,27.8876,27.8914,27.8262,27.7929,27.73,27.6622,27.5782,27.5254,27.4387,27.3741,26.8643,27.1493,26.9713,27.1773,26.8309,27.2095,26.9438,27.2742,26.8331,27.2621,26.9269,27.2846,26.9332,27.4677,27.0064,27.3087,26.9384,27.4971,26.9868,27.2813,26.934,27.209,27.0151,27.2021,27.0033,27.1685,27.0476,27.1051,27.0264,27.1303,27.2722,27.2645,27.3033,27.3802,27.5539,27.564,27.5736,27.7683,27.5628,27.5776,27.4808,27.3662,27.4123,27.2054,27.279,27.1095,27.1736,26.6184,27.0496,27.1168,37.1277,37.9207,37.2625,34.6524,27.1338,36.6231,37.5069,36.901,34.8211,26.6659,36.682,37.6113,36.9214,34.432,27.0435,79.9994,50.0,79.9994,50.0,14.2617,14.2319,14.2637,14.2542,14.243,14.2414,14.2559,14.2535,14.2611,14.2426,14.2566,14.2467,14.256,-0.00071875,-0.000734375,1.67039,1.66481,9.85494,9.72318,9.56432,9.47008,9.52287,9.38001,9.52812,9.92798,9.73471,9.62215,9.53395,9.29969,9.34805,9.28433,536.31,536.327,792.201,790.185,799.36,814.649,824.504,793.196,792.291,801.871,817.891,824.52,23.7163,791.747,800.842,817.401,825.202,23.8663,805.097,805.922,804.216,26.3644,803.38,803.684,798.619,24.5363,12.1823,8.51683,10.0597,0.0,369.638,380.115,373.526,378.272,331.868,330.049,331.584,-18459.7,77.9138,198.69,281.087,317.14,318.061,306.446,533.698,533.391,0.0,10.7087,536.3185,0.768441305975218,0.2060764753286827,0.0091834910323106,0.000378872824426,0.0159198538552823,1138.387780447006,0.0535824477019727,1.3999410566013786,138.01285615590754,1.235679169171414e-05,36.53386582350577,803.2844878201204,1390.4859363016678,0.1219313191787627,1.391796123987167,203.06558609167908,1.678653105593308e-05,40.07961,1392.508193378069,0.1333912266655265,1.3918410891451931,203.5969615159796,7.775821199487897,19628.64543337197,90.08511374258558,10.895477341242248,3.411606060820246,3.742714801983434,0.4977750866698061,0.5018631031125474,0.9040893928900868,0.919897158928412,0.8357652352118216,0.8610573248550684,0.609,12.1823,06/06/22,2022-06-06 11:36:05,50.0,50.0
1807.0,37.1703,2.0,0.500656,265.831,5.0,14.2544,14.237,14.2523,789.769,14.2597,14.2455,14.2543,794.817,19999.7,10.7174,10.7167,10.6633,10.6261,10.5713,10.5202,10.3429,10.6647,10.6297,10.5769,10.5208,10.3311,10.6506,10.6084,10.5638,10.5004,14.1105,10.0264,10.6003,10.648,10.6142,10.5673,10.5018,13.004,10.0205,9.85319,8.55986,8.7036,8.95847,9.68156,10.8301,12.1594,14.2012,16.6407,19.7984,22.4455,23.2158,8.51513,8.65094,9.0272,9.68875,10.8531,12.3299,14.2036,16.5888,19.7671,22.7083,22.7483,23.711,23.3773,23.4473,23.861,23.7502,23.5885,23.6467,21.7392,21.9869,22.3115,22.4758,23.2729,21.8168,21.9183,22.2781,22.5225,23.4176,39.5473,39.2236,40.3383,41.6509,40.0875,27.1163,38.8938,39.0255,39.7888,41.0008,26.3367,24.3164,24.3784,24.5258,24.1738,24.5126,24.5908,24.6257,24.3818,24.7994,24.7553,24.9212,24.9162,24.8376,24.8818,25.1105,25.0321,25.3231,25.168,25.466,25.3754,25.6077,25.5018,25.8134,25.6988,25.9597,25.7748,26.2076,26.2765,26.229,26.2074,26.5877,26.523,26.5539,26.7552,26.9612,27.0848,27.0427,27.3257,27.3224,27.6233,24.4002,24.286,24.1969,24.5649,24.5657,24.4394,24.4018,24.6518,24.7354,24.6354,24.537,24.8522,24.96,24.7598,24.7642,25.098,24.975,25.2644,24.9996,25.832,25.3091,25.5812,25.3886,25.5469,25.5831,25.9581,25.7701,14.2436,26.0205,26.2235,26.0759,26.5792,26.4056,26.5849,26.5709,26.873,26.8817,26.7949,27.0478,27.0453,27.1734,24.3571,27.552,27.8659,27.8794,28.1785,28.1461,28.4223,28.4441,28.6965,28.6352,28.9057,28.8998,28.9765,29.2346,29.144,29.0116,29.2348,29.0362,29.1613,28.9823,29.1083,28.8627,28.9566,28.6725,28.8169,28.7793,28.7927,28.5357,28.6528,28.5344,28.6035,28.3647,28.4438,28.2177,28.2758,28.1561,28.2184,28.025,28.064,27.8746,27.8813,27.8154,27.7821,27.7155,27.6451,27.5657,27.5081,27.4268,27.3562,26.8527,27.1384,26.9652,27.1658,26.8266,27.1981,26.9442,27.2634,26.8324,27.2491,26.9329,27.271,26.9332,27.4556,27.0067,27.2965,26.9358,27.483,26.9852,27.2664,26.9229,27.1944,27.0064,27.1837,26.9887,27.1502,27.0352,27.0864,27.0102,27.1128,27.2516,27.2469,27.2855,27.3627,27.5326,27.5448,27.555,27.75,27.5439,27.5582,27.4619,27.3462,27.394,27.1844,27.262,27.0859,27.157,26.5969,27.0328,27.0962,37.0969,37.8883,37.2198,34.614,27.1225,36.6115,37.4954,36.9039,34.8319,26.6472,36.6676,37.5972,36.8983,34.4145,27.0311,79.9994,54.9989,79.9994,54.9989,14.2619,14.233,14.2639,14.254,14.2432,14.2424,14.2562,14.2552,14.2618,14.2435,14.2557,14.2473,14.2565,0.0001875,-0.00015625,1.67395,1.66581,9.86068,9.73053,9.5708,9.47838,9.53099,9.38871,9.53629,9.93503,9.74234,9.62946,9.54055,9.30781,9.35579,9.29244,536.369,536.397,791.982,790.009,799.216,814.575,824.38,793.67,792.123,801.515,817.642,824.555,23.7035,791.691,800.55,817.031,824.719,23.8415,804.989,805.765,804.009,26.3482,803.083,803.383,798.252,24.5372,12.2581,8.45171,10.0781,0.0,369.716,380.144,373.573,378.32,331.824,330.02,331.612,-18459.7,77.9218,198.699,281.044,317.143,318.084,307.368,533.726,533.362,0.0,10.71705,536.383,0.7685387709421767,0.2061026129617103,0.0091846558169768,0.0003789208786196,0.0157950384163114,1138.4336827090765,0.0536203060351185,1.3999510584542791,137.95245747207224,1.2358426053021658e-05,36.516688698342655,803.0372123708296,1390.250104239842,0.1219173734398629,1.391820076119625,202.92433336194725,1.6783124769113605e-05,40.05573,1392.347045766469,0.1333443685174512,1.3918601323683315,203.47757072757628,7.781217238718124,19620.49619932573,90.04771306313155,10.89490093065559,3.407345183454649,3.737570506809243,0.4971339739902822,0.50138719285784,0.903842218123776,0.9196763616857546,0.8358600943615485,0.8611156256603674,0.609,12.2581,06/06/22,2022-06-06 11:36:39,45.0011,45.0011
1808.0,37.4272,2.0,0.501547,265.827,5.0,14.2559,14.2377,14.252,786.192,14.2588,14.2456,14.2542,791.784,20008.3,10.7067,10.7063,10.6537,10.6165,10.5616,10.5103,10.3334,10.6548,10.6209,10.568,10.5115,10.3223,10.6409,10.5977,10.552,10.4902,14.1093,10.0161,10.5992,10.6381,10.6038,10.5566,10.4916,12.995,10.0099,9.84317,8.55678,8.69615,8.9507,9.67273,10.8352,12.1539,14.1879,16.6252,19.7903,22.4391,23.2104,8.50558,8.64428,9.0212,9.68414,10.8439,12.327,14.1947,16.5914,19.7666,22.7057,22.7514,23.7058,23.3742,23.4463,23.8593,23.7476,23.5834,23.6414,21.7358,21.9836,22.3082,22.4729,23.2705,21.8131,21.9145,22.2749,22.5183,23.4154,39.5486,39.2147,40.3436,41.6595,40.0718,27.1161,38.9094,39.0338,39.7807,40.9885,26.3401,24.3101,24.3729,24.5241,24.1676,24.5068,24.5854,24.6223,24.3789,24.7953,24.7504,24.9177,24.91,24.834,24.876,25.108,25.0274,25.3181,25.1639,25.4615,25.3714,25.6025,25.4969,25.8089,25.6951,25.9559,25.7695,26.2021,26.2744,26.225,26.2051,26.5852,26.5211,26.5484,26.7527,26.9574,27.0804,27.0397,27.3226,27.3174,27.6206,24.3975,24.2816,24.1939,24.5617,24.5622,24.4359,24.3971,24.646,24.7335,24.6308,24.5318,24.8491,24.9569,24.7561,24.7598,25.0939,24.9696,25.2601,24.9916,25.8272,25.3036,25.578,25.3842,25.5448,25.5776,25.9579,25.7641,14.2401,26.0133,26.2239,26.0719,26.5748,26.4039,26.5813,26.5707,26.8697,26.8799,26.7969,27.0489,27.042,27.1749,24.3531,27.548,27.8629,27.8754,28.176,28.14,28.4188,28.4406,28.6934,28.6304,28.9013,28.8942,28.9716,29.2342,29.139,29.0068,29.2349,29.0298,29.1608,28.9776,29.106,28.8586,28.954,28.6715,28.8133,28.7748,28.7886,28.5336,28.6489,28.5312,28.5996,28.3617,28.4426,28.2124,28.2733,28.1518,28.2134,28.0214,28.0628,27.873,27.8774,27.8096,27.7752,27.714,27.6342,27.5628,27.4993,27.4234,27.3468,26.8486,27.1401,26.9625,27.1669,26.8236,27.1975,26.9393,27.2638,26.8311,27.2495,26.9268,27.272,26.9333,27.4533,27.0036,27.2944,26.9333,27.4823,26.9811,27.2675,26.928,27.1926,27.0069,27.1837,26.9915,27.1471,27.0379,27.0829,27.0132,27.1131,27.2554,27.2451,27.2885,27.3625,27.536,27.5465,27.5571,27.7478,27.5455,27.5561,27.4649,27.3449,27.3934,27.1833,27.2635,27.082,27.1585,26.594,27.0316,27.0946,37.1077,37.8825,37.2184,34.6187,27.1208,36.6155,37.5014,36.9077,34.8267,26.6479,36.6684,37.5986,36.9014,34.4183,27.0254,79.9994,59.9978,79.9994,59.9978,14.2617,14.2346,14.2654,14.2584,14.2453,14.2436,14.2559,14.2556,14.2639,14.2446,14.2584,14.249,14.2561,0.0006875,0.000515625,1.67522,1.66442,9.85172,9.72182,9.56308,9.46895,9.5216,9.3794,9.52815,9.92535,9.73276,9.62027,9.53213,9.29878,9.3473,9.28321,536.37,536.396,792.217,790.33,799.506,814.876,824.745,793.553,792.395,801.883,817.998,824.831,23.7058,791.741,800.846,817.467,825.289,23.8468,805.172,805.985,804.271,26.3458,803.441,803.738,798.607,24.5279,12.2386,8.50171,10.0989,0.0,369.794,380.205,373.649,378.37,331.801,329.987,331.547,-18459.7,77.9294,198.726,281.042,317.198,318.299,307.633,533.775,533.425,0.0,10.7065,536.383,0.7684412883095267,0.2060764705911922,0.0091834908211914,0.0003788728157161,0.0159198764782933,1138.455908244585,0.0535649808623586,1.3999393906999449,138.02852693767278,1.2357957791103972e-05,36.51885012312661,803.3309717833856,1390.5243184634485,0.1218741749096718,1.391792964246668,203.07708931686008,1.678723131531235e-05,40.05391,1392.608665889887,0.1332856899680863,1.3918334029899873,203.62687407822744,7.780606049337869,19628.5499328804,90.0846754457772,10.905084305545056,3.4109046021693934,3.741083453976557,0.4976816412589242,0.5019082135961305,0.9036433224408896,0.9195195062102464,0.8357530563731401,0.8610431555406057,0.609,12.2386,06/06/22,2022-06-06 11:37:13,40.0022,40.0022
1809.0,37.5428,2.0,0.502281,265.829,5.0,14.2566,14.2361,14.2524,781.798,14.2605,14.2461,14.2549,787.55,20002.7,10.7046,10.7037,10.6514,10.6138,10.559,10.5083,10.3312,10.652,10.6172,10.5645,10.5085,10.3201,10.6393,10.5963,10.5503,10.4884,14.1097,10.0142,10.5982,10.6356,10.6016,10.5543,10.4882,12.9864,10.0091,9.84222,8.55667,8.69604,8.94963,9.66664,10.8183,12.1539,14.1951,16.6265,19.7898,22.4375,23.2078,8.50258,8.64036,9.01524,9.6763,10.8387,12.3173,14.1881,16.5839,19.7645,22.6985,22.7442,23.7004,23.3688,23.4416,23.8532,23.7404,23.5745,23.6344,21.7156,21.9622,22.2883,22.4515,23.2479,21.7924,21.8951,22.2548,22.4976,23.3922,39.5009,39.1781,40.3067,41.6357,40.0884,27.0949,38.734,38.9895,39.8232,41.026,26.3037,24.2992,24.3616,24.5104,24.1536,24.4947,24.5709,24.6095,24.3662,24.7792,24.7372,24.9146,24.8959,24.8187,24.8642,25.0922,25.0147,25.3044,25.1504,25.4456,25.3567,25.5871,25.4844,25.7923,25.6822,25.9364,25.7523,26.1839,26.2581,26.2071,26.1895,26.5652,26.5063,26.528,26.7371,26.9359,27.0627,27.0187,27.3047,27.299,27.6024,24.3841,24.2702,24.1806,24.5457,24.5482,24.4224,24.3842,24.6306,24.7174,24.6161,24.5189,24.8356,24.9413,24.7433,24.7475,25.077,24.9553,25.2436,24.9775,25.8085,25.2892,25.5584,25.3685,25.5263,25.5614,25.935,25.748,14.2407,25.9992,26.2005,26.0556,26.5537,26.3843,26.5625,26.5492,26.8524,26.8606,26.7768,27.0282,27.0235,27.1549,24.3384,27.5303,27.8442,27.858,28.1576,28.1241,28.3997,28.4244,28.6747,28.6158,28.884,28.8821,28.9584,29.2152,29.1275,28.9933,29.2141,29.0152,29.1423,28.9613,29.0859,28.8427,28.9356,28.654,28.7936,28.7557,28.7697,28.5175,28.6327,28.5148,28.5808,28.342,28.4239,28.1956,28.254,28.132,28.1958,28.0036,28.043,27.8533,27.8608,27.7904,27.7577,27.6947,27.6135,27.5443,27.4768,27.4045,27.3263,26.8319,27.1175,26.9464,27.146,26.8101,27.1774,26.9263,27.2417,26.8168,27.2285,26.9164,27.2506,26.9165,27.4324,26.993,27.274,26.9204,27.4614,26.9707,27.2443,26.9108,27.1705,26.9906,27.1633,26.9746,27.1254,27.0203,27.0619,26.9959,27.0903,27.2367,27.2235,27.2679,27.3398,27.5159,27.525,27.5355,27.7268,27.5243,27.5369,27.4432,27.3245,27.3739,27.1616,27.2425,27.0582,27.1376,26.5725,27.0113,27.077,37.0872,37.8469,37.1693,34.5774,27.1034,36.5853,37.4768,36.8856,34.8107,26.6282,36.6519,37.5714,36.87,34.3899,27.0089,79.9994,65.001,79.9994,65.001,14.2619,14.2343,14.2655,14.258,14.2454,14.2445,14.2561,14.2553,14.2635,14.2439,14.2579,14.2495,14.2569,0.00046875,0.00021875,1.67314,1.66105,9.84809,9.71887,9.56034,9.46673,9.51973,9.3782,9.52712,9.92357,9.73117,9.61846,9.53029,9.29677,9.34526,9.28233,536.384,536.41,792.027,790.199,799.483,814.704,824.609,793.432,792.173,801.726,817.872,824.872,23.6961,791.773,800.658,817.185,825.001,23.8265,805.056,805.85,803.987,26.3277,803.232,803.534,798.431,24.5178,12.0625,8.4973,9.98993,0.0,369.886,380.274,373.728,378.454,331.872,330.049,331.633,-18459.7,77.954,198.722,281.093,317.411,318.448,307.106,533.778,533.497,0.0,10.704149999999998,536.3969999999999,0.7683943638640822,0.2060638866446386,0.0091829300363656,0.0003788496800555,0.0159799687908378,1138.481470683893,0.0535506038670577,1.3999338174753524,138.06852163626252,1.2357987700631892e-05,36.490676219629975,803.1312024820943,1390.367631132567,0.1218077912933451,1.391796686625656,203.06665094533287,1.678400782737766e-05,40.03085,1392.5060422302763,0.1332285327329194,1.3918340819145472,203.632120486342,7.774331281332767,19622.615620329747,90.05744008595964,10.898970422184853,3.409021381392262,3.7397504706118654,0.4972701235877426,0.5016153458476965,0.9038717003860244,0.919706626014853,0.8359948814322281,0.8612380093646411,0.609,12.0625,06/06/22,2022-06-06 11:37:47,34.998999999999995,34.998999999999995
1810.0,37.2781,2.0,0.501,265.835,5.0,14.257,14.2368,14.2539,777.354,14.261,14.2468,14.2562,782.874,20009.3,10.712,10.7118,10.6596,10.6215,10.5671,10.5154,10.3383,10.6599,10.6255,10.5723,10.5161,10.3275,10.6463,10.6036,10.5572,10.4952,14.11,10.02,10.5981,10.6423,10.6077,10.5609,10.4955,12.9784,10.016,9.84887,8.55527,8.69406,8.94901,9.67332,10.827,12.1645,14.1955,16.628,19.8009,22.454,23.2238,8.50488,8.64425,9.01813,9.67924,10.8401,12.3241,14.1962,16.5965,19.7829,22.7157,22.7637,23.7171,23.3844,23.4574,23.8712,23.7576,23.5926,23.6496,21.7386,21.9878,22.3116,22.4773,23.2741,21.8167,21.9184,22.2784,22.5206,23.4192,39.5737,39.2226,40.3594,41.6767,40.0979,27.1313,38.8754,39.057,39.8281,41.0421,26.3468,24.3214,24.3844,24.5376,24.1794,24.517,24.5956,24.6358,24.3904,24.805,24.7626,24.9134,24.9206,24.8445,24.8896,25.1177,25.0389,25.3294,25.176,25.4724,25.3827,25.614,25.51,25.8192,25.708,25.9648,25.7803,26.21,26.288,26.2357,26.2157,26.594,26.536,26.5585,26.7647,26.9666,27.0912,27.0493,27.3319,27.3294,27.631,24.4055,24.2909,24.2038,24.5695,24.5718,24.4455,24.4071,24.6538,24.7421,24.6429,24.5436,24.8582,24.9677,24.7659,24.7703,25.1047,24.9788,25.2711,25.0027,25.8362,25.3134,25.5882,25.3941,25.5533,25.588,25.9651,25.7759,14.2434,26.0259,26.2308,26.0815,26.5846,26.4152,26.59,26.5794,26.8794,26.8914,26.804,27.0593,27.0534,27.1851,24.3612,27.56,27.8753,27.8882,28.1903,28.1533,28.4332,28.4537,28.7082,28.6448,28.9183,28.9116,28.987,29.2507,29.1561,29.0232,29.249,29.0465,29.1735,28.9916,29.1191,28.8738,28.9677,28.6842,28.8298,28.7896,28.8048,28.547,28.6677,28.5458,28.617,28.3769,28.4595,28.2281,28.2884,28.1651,28.2275,28.0354,28.0758,27.8855,27.8924,27.8233,27.7888,27.727,27.6422,27.576,27.5024,27.4358,27.3543,26.8582,27.1483,26.9741,27.1777,26.8331,27.2091,26.953,27.2744,26.8411,27.2594,26.9408,27.2829,26.943,27.4663,27.0165,27.3067,26.9482,27.4937,26.9955,27.2765,26.9384,27.2022,27.0162,27.1927,27.0008,27.1541,27.0474,27.0924,27.0223,27.1182,27.2649,27.2543,27.2961,27.3713,27.5447,27.5549,27.5661,27.7579,27.5554,27.5689,27.4746,27.3557,27.4048,27.1927,27.2722,27.0879,27.1674,26.6002,27.0415,27.1058,37.1315,37.8844,37.2071,34.6195,27.1355,36.6299,37.5125,36.9152,34.8312,26.6555,36.6855,37.6144,36.9208,34.4356,27.0347,79.9994,70.0,79.9994,70.0,14.2619,14.2336,14.267,14.2582,14.2471,14.2442,14.2582,14.2559,14.2647,14.2444,14.2582,14.2503,14.2574,-0.00040625,-0.00059375,1.67817,1.66719,9.85556,9.72491,9.56649,9.47283,9.52539,9.38358,9.53159,9.93024,9.73772,9.62506,9.53679,9.30299,9.35101,9.28756,536.405,536.434,792.238,790.348,799.59,814.81,824.607,793.849,792.39,801.85,817.968,824.792,23.7168,791.793,800.859,817.402,825.188,23.853,805.116,805.955,804.202,26.3556,803.518,803.804,798.678,24.5282,12.0409,8.53718,9.99447,0.0,369.969,380.362,373.817,378.519,331.872,330.054,331.642,-18459.7,78.0366,198.747,281.144,317.468,318.553,307.402,533.906,533.393,0.0,10.7119,536.4195,0.7684820681782295,0.2060874067180522,0.0091839781733882,0.0003788929218503,0.0158676530243473,1138.4852124580243,0.0535894075188842,1.39994361125552,138.00554760834612,1.2358815130108711e-05,36.52878827273307,803.3382802466243,1390.5197570119626,0.1219086135415565,1.391797891490867,203.04522982500177,1.678749773526228e-05,40.0775,1392.6008513373456,0.1333663222740145,1.391839194443688,203.59381524149816,7.786239167594624,19629.025695953376,90.0868589469612,10.907724502337766,3.410112890592058,3.74139975167804,0.4975933578973627,0.5018109272065366,0.9038967000317472,0.9197323551845402,0.8357214379014771,0.8610123029808086,0.609,12.0409,06/06/22,2022-06-06 11:38:22,30.0,30.0
1811.0,37.5441,2.0,0.502578,265.832,5.0,14.2532,14.2345,14.2503,772.698,14.258,14.244,14.2523,777.419,20002.3,10.7113,10.7111,10.6582,10.6208,10.5657,10.5147,10.3375,10.6591,10.6242,10.572,10.5157,10.327,10.6435,10.6005,10.5551,10.493,14.1093,10.0195,10.5973,10.6411,10.606,10.559,10.4934,12.9696,10.0154,9.84963,8.56307,8.70042,8.95176,9.66999,10.8474,12.1613,14.1813,16.6173,19.7825,22.4357,23.2093,8.50497,8.64715,9.02627,9.68627,10.8397,12.3269,14.2049,16.604,19.7962,22.714,22.761,23.6987,23.364,23.4351,23.8492,23.7405,23.5752,23.6377,21.7346,21.9832,22.3081,22.4716,23.267,21.8125,21.9152,22.2749,22.5176,23.4137,39.5226,39.2135,40.3256,41.6388,40.0685,27.1122,39.0062,39.0716,39.7409,40.9474,26.3577,24.306,24.3707,24.5083,24.156,24.5031,24.5829,24.608,24.3658,24.7903,24.7374,24.9117,24.9071,24.8174,24.8626,25.101,25.0151,25.3152,25.1512,25.4574,25.3592,25.6002,25.4841,25.8041,25.6853,25.9546,25.756,26.1979,26.2674,26.2242,26.193,26.5797,26.5129,26.5491,26.7445,26.9533,27.0727,27.0333,27.3151,27.3158,27.6119,24.3978,24.2677,24.1792,24.5627,24.5626,24.4202,24.383,24.6458,24.7309,24.6151,24.5182,24.8465,24.9545,24.7431,24.747,25.0934,24.956,25.2601,24.9803,25.8247,25.2923,25.5736,25.3699,25.5442,25.5644,25.956,25.7514,14.2433,26.0036,26.221,26.0607,26.5766,26.3931,26.5788,26.561,26.8682,26.8725,26.7939,27.0402,27.0428,27.1656,24.355,27.5453,27.8567,27.8691,28.1711,28.1335,28.4145,28.431,28.6897,28.6208,28.8991,28.886,28.9616,29.2337,29.1323,28.9996,29.2338,29.0229,29.1563,28.9689,29.1023,28.8556,28.9493,28.6632,28.81,28.7683,28.7838,28.526,28.6491,28.5245,28.5974,28.3554,28.44,28.2106,28.2701,28.1469,28.209,28.0182,28.056,27.8669,27.8721,27.8045,27.7707,27.7092,27.6209,27.5565,27.4797,27.4197,27.333,26.8463,27.1276,26.9571,27.1555,26.815,27.1883,26.931,27.2537,26.821,27.2388,26.9189,27.2598,26.9204,27.4468,26.9954,27.2843,26.925,27.4736,26.9718,27.2561,26.9151,27.1804,26.9968,27.1707,26.9835,27.1313,27.0277,27.0682,27.0047,27.0948,27.2454,27.234,27.2808,27.3475,27.5274,27.5352,27.5499,27.7368,27.539,27.5479,27.4574,27.3365,27.3899,27.1748,27.2564,27.0683,27.1526,26.5801,27.0262,27.0901,37.1114,37.8421,37.1507,34.5714,27.1293,36.5983,37.4777,36.877,34.8037,26.6426,36.651,37.5736,36.8806,34.3984,27.0216,79.9994,74.9989,79.9994,74.9989,14.2619,14.2338,14.2647,14.258,14.2449,14.2448,14.2575,14.2561,14.2623,14.2435,14.2573,14.2486,14.2568,-0.00114063,-0.0011875,1.67517,1.66547,9.85632,9.72527,9.5663,9.47322,9.52586,9.38413,9.53199,9.92979,9.73718,9.62465,9.53629,9.30257,9.35134,9.28786,536.354,536.381,792.079,789.964,799.122,814.436,824.27,793.402,792.06,801.493,817.568,824.348,23.701,791.738,800.639,817.25,824.988,23.8386,804.824,805.688,803.934,26.3465,803.275,803.61,798.632,24.5075,12.0665,8.47234,10.0238,0.0,370.042,380.407,373.876,378.564,331.942,330.119,331.717,-18459.7,77.9575,198.717,281.148,317.184,318.498,307.616,533.688,533.276,0.0,10.7112,536.3675000000001,0.7684143373796564,0.2060692430351104,0.009183168735925,0.0003788595278113,0.0159543903374511,1138.445853205889,0.0535893540481435,1.3999374588248132,138.04574476955477,1.2357552971609788e-05,36.49156424819734,803.1260656753359,1390.357859742703,0.1218127116840974,1.3917993797763186,203.04890903111504,1.6784004102593205e-05,40.04825,1392.367821635823,0.133314037425771,1.3918458026051224,203.57642980660785,7.782040363969791,19622.837122919027,90.05845666583609,10.902230193241031,3.4068605056573813,3.738913473747106,0.4973428958229867,0.5014016198470883,0.9040843207423552,0.9198822323454444,0.8353651906611366,0.8606928699003963,0.609,12.0665,06/06/22,2022-06-06 11:38:56,25.001099999999994,25.001099999999994
1812.0,37.6247,2.0,0.5,265.829,5.0,14.2532,14.2341,14.2509,768.748,14.2575,14.2447,14.2521,773.384,20006.2,10.7146,10.714,10.6615,10.6241,10.5689,10.5184,10.3413,10.6624,10.6275,10.5746,10.5186,10.329,10.6487,10.6059,10.5597,10.4977,14.1095,10.0238,10.597,10.6454,10.6113,10.5641,10.4988,12.9616,10.0188,9.85188,8.56823,8.70705,8.95563,9.67233,10.8283,12.1737,14.2013,16.6311,19.7957,22.447,23.2149,8.51095,8.64853,9.02304,9.68241,10.8448,12.3238,14.2041,16.602,19.803,22.7127,22.7624,23.7085,23.3741,23.4444,23.8605,23.751,23.5842,23.6429,21.7374,21.9869,22.3102,22.4749,23.2724,21.8157,21.9177,22.2774,22.5199,23.4149,39.5337,39.2003,40.3286,41.6494,40.0853,27.115,38.8238,39.0337,39.8249,41.0313,26.3315,24.3175,24.3834,24.5223,24.1657,24.5143,24.5927,24.6202,24.3777,24.8031,24.7493,24.9103,24.9182,24.8288,24.8775,25.1144,25.0263,25.3262,25.1632,25.4679,25.3707,25.6073,25.4961,25.8145,25.6953,25.9576,25.768,26.2051,26.2754,26.2287,26.2022,26.5877,26.5229,26.5503,26.7507,26.957,27.0817,27.0403,27.3244,27.3198,27.6235,24.401,24.2814,24.193,24.5649,24.5664,24.4348,24.3972,24.6494,24.7363,24.633,24.5317,24.8519,24.9609,24.7564,24.7601,25.0983,24.9676,25.2642,24.992,25.8289,25.3043,25.5825,25.3832,25.5455,25.5782,25.9571,25.7643,14.2421,26.0142,26.223,26.0729,26.5792,26.4036,26.586,26.5684,26.8749,26.882,26.7993,27.0484,27.0475,27.1743,24.3565,27.5517,27.8662,27.8782,28.1815,28.1462,28.425,28.4443,28.7008,28.6358,28.9111,28.9027,28.9785,29.2442,29.1475,29.015,29.2417,29.0386,29.1657,28.9835,29.1141,28.8653,28.9576,28.6739,28.8193,28.7789,28.7913,28.5337,28.6565,28.534,28.6059,28.365,28.4508,28.2192,28.2769,28.153,28.2159,28.0233,28.0629,27.8724,27.8784,27.8125,27.7781,27.7141,27.6274,27.5646,27.48,27.4251,27.3356,26.8505,27.1373,26.9674,27.1664,26.8283,27.1955,26.9447,27.2628,26.8349,27.2457,26.9354,27.2708,26.9339,27.4523,27.0104,27.2922,26.9386,27.4805,26.9877,27.2612,26.9255,27.184,27.0064,27.1768,26.991,27.1361,27.0365,27.0753,27.0135,27.1007,27.2541,27.2376,27.287,27.3533,27.5338,27.5422,27.5551,27.7423,27.5444,27.552,27.4632,27.3429,27.3942,27.1787,27.262,27.0743,27.1592,26.5855,27.0311,27.0952,37.1293,37.8156,37.1166,34.5662,27.1365,36.6217,37.5083,36.9159,34.8398,26.6456,36.6646,37.5936,36.8941,34.4119,27.0228,79.9994,79.9978,79.9994,79.9978,14.2619,14.2327,14.2642,14.2556,14.2438,14.2424,14.257,14.2535,14.2622,14.2415,14.2554,14.2483,14.2577,-0.000484375,-0.000671875,1.67438,1.66494,9.85764,9.72843,9.56917,9.47619,9.52871,9.38708,9.53559,9.93266,9.74068,9.62753,9.53955,9.30576,9.35415,9.29059,536.348,536.38,792.085,790.103,799.302,814.526,824.302,793.844,792.057,801.56,817.677,824.616,23.7041,791.534,800.607,817.066,824.934,23.8373,804.966,805.779,804.023,26.3468,803.401,803.7,798.553,24.5174,12.0722,8.49266,10.0306,0.0,370.106,380.436,373.915,378.61,331.874,330.085,331.648,-18459.7,78.0116,198.782,281.237,317.36,318.623,306.856,533.73,533.294,0.0,10.7143,536.364,0.7683926526317965,0.2060634277355258,0.0091829095857648,0.0003788488363484,0.0159821602265464,1138.447228974089,0.0536046556509875,1.399935625740285,138.0617790954901,1.2357389192923654e-05,36.50507975191047,803.1952120189036,1390.4227130679317,0.1218460088256303,1.391793745902048,203.08379513252763,1.67849810020429e-05,40.05423,1392.4154445293782,0.1333243693633234,1.3918408459524838,203.606432511226,7.780524144931436,19626.639418124632,90.07590719227424,10.896981414782164,3.407136233996664,3.7383898154802457,0.4974815834375602,0.5015031458735735,0.9037794438424932,0.9196257490024734,0.8351909997722207,0.8605465476330033,0.609,12.0722,06/06/22,2022-06-06 11:39:30,20.002200000000002,20.002200000000002
1813.0,37.8556,2.0,0.499969,265.831,5.0,14.2536,14.2348,14.2503,767.195,14.258,14.2449,14.2523,771.615,20013.2,10.7107,10.7105,10.6583,10.6208,10.5661,10.5148,10.3377,10.6591,10.6245,10.571,10.5153,10.3257,10.6454,10.6028,10.5568,10.4938,14.1093,10.02,10.5963,10.6425,10.608,10.5613,10.4959,12.953,10.0162,9.84887,8.56536,8.70097,8.95021,9.66772,10.8294,12.176,14.1967,16.6267,19.7979,22.4538,23.2236,8.5035,8.64313,9.01791,9.67643,10.8396,12.3247,14.2011,16.6084,19.8107,22.7184,22.7698,23.7139,23.3801,23.4556,23.8702,23.7557,23.5895,23.6473,21.7453,21.9918,22.3171,22.4809,23.2796,21.8219,21.9238,22.2845,22.5263,23.4232,39.5262,39.2237,40.3381,41.6603,40.0907,27.1212,38.8649,39.0556,39.8413,41.0542,26.3454,24.3214,24.3843,24.53,24.1736,24.5163,24.5949,24.627,24.3869,24.8038,24.7558,24.9061,24.9219,24.8369,24.8842,25.1164,25.0341,25.3298,25.1729,25.4723,25.3769,25.6127,25.5023,25.8188,25.7022,25.9637,25.7754,26.2102,26.2843,26.2366,26.2134,26.5922,26.53,26.5548,26.7634,26.9637,27.0881,27.0452,27.3278,27.3248,27.632,24.4111,24.2864,24.1972,24.5738,24.5757,24.4379,24.4024,24.6587,24.7454,24.6343,24.537,24.857,24.9704,24.7559,24.7652,25.1067,24.9715,25.2733,24.9966,25.8405,25.3097,25.5904,25.3864,25.5577,25.5806,25.9679,25.7682,14.2432,26.0203,26.2342,26.0772,26.5856,26.4115,26.5902,26.5771,26.8791,26.8893,26.8068,27.0575,27.0547,27.1831,24.3652,27.554,27.8734,27.8832,28.1898,28.1507,28.4338,28.4492,28.71,28.6393,28.9198,28.905,28.9808,29.2537,29.1499,29.0172,29.251,29.041,29.1745,28.9861,29.1204,28.8675,28.9665,28.6841,28.8279,28.7811,28.8009,28.5411,28.6674,28.5414,28.6159,28.3746,28.4572,28.2236,28.2847,28.1605,28.2221,28.0304,28.0693,27.8799,27.8835,27.8175,27.7816,27.7207,27.6302,27.5698,27.4823,27.4297,27.3398,26.858,27.1469,26.9731,27.1757,26.8311,27.2053,26.9503,27.2715,26.8404,27.2568,26.9377,27.2801,26.9396,27.4624,27.0124,27.3018,26.9415,27.4917,26.9907,27.2701,26.9333,27.1952,27.0143,27.1837,26.9996,27.1426,27.0429,27.082,27.0208,27.106,27.2604,27.2455,27.2938,27.3608,27.5429,27.5486,27.5643,27.7497,27.5556,27.5572,27.4731,27.3481,27.403,27.1862,27.2722,27.0828,27.1689,26.5952,27.0414,27.1032,37.152,37.8302,37.1164,34.5673,27.1423,36.623,37.512,36.9178,34.8405,26.6511,36.6824,37.6085,36.9102,34.4306,27.0264,79.9994,82.5016,79.9994,82.5016,14.2619,14.2343,14.266,14.2592,14.2457,14.2438,14.2556,14.2566,14.2641,14.2445,14.2589,14.2501,14.2571,0.000828125,0.00059375,1.67847,1.67055,9.85428,9.72437,9.56609,9.47175,9.52449,9.38243,9.53129,9.92968,9.73709,9.62409,9.53527,9.30207,9.35026,9.28691,536.367,536.393,792.174,790.292,799.433,814.709,824.576,793.957,792.19,801.578,817.662,824.687,23.7121,791.848,800.735,817.364,825.209,23.8451,805.252,806.1,804.355,26.3525,803.457,803.812,798.775,24.5222,12.0597,8.54085,10.0317,0.0,370.185,380.524,373.997,378.697,331.897,330.079,331.669,-18459.7,78.0001,198.797,281.213,317.522,318.765,307.794,533.786,533.313,0.0,10.7106,536.38,0.7683050598267949,0.2060399375660379,0.0091818627813662,0.0003788056495322,0.0160943331923629,1138.484252842986,0.0535822660228539,1.3999255275074507,138.133978398308,1.2357262022169584e-05,36.5136740343011,803.4237430875357,1390.6396086238308,0.1218347839274764,1.391771568035925,203.2123284831936,1.6788135010825107e-05,40.07092,1392.5760975176,0.1333474446028561,1.3918224862958677,203.7184658724153,7.790939026557476,19632.868125230016,90.10449366758463,10.915772394248023,3.409115645650206,3.74123951972812,0.4978629760385095,0.5017593870017527,0.9039182051938884,0.9197494458034252,0.8349936884669013,0.8603892820296841,0.609,12.0597,06/06/22,2022-06-06 11:40:04,17.498400000000004,17.498400000000004
1814.0,37.6053,2.0,0.500703,265.827,5.0,14.2555,14.237,14.252,766.343,14.2578,14.2465,14.2544,770.813,20013.5,10.7108,10.7104,10.6576,10.6202,10.565,10.5137,10.3364,10.659,10.6238,10.571,10.5152,10.3257,10.6451,10.6021,10.5566,10.4944,14.1089,10.0193,10.5957,10.6425,10.6078,10.5608,10.4953,12.944,10.014,9.8467,8.56923,8.70217,8.95055,9.66669,10.8497,12.1746,14.1903,16.6212,19.796,22.4561,23.2259,8.50036,8.64249,9.02064,9.68091,10.8365,12.3255,14.2034,16.6149,19.823,22.7235,22.775,23.7174,23.3826,23.4564,23.87,23.7589,23.5908,23.6505,21.7566,22.0044,22.3304,22.4946,23.2914,21.8329,21.9358,22.2979,22.5395,23.4384,39.5187,39.2608,40.3675,41.6857,40.1078,27.1285,39.0695,39.1092,39.7825,40.9913,26.3837,24.3252,24.39,24.5333,24.1794,24.52,24.6017,24.6317,24.3916,24.8116,24.7606,24.9051,24.9277,24.8418,24.8879,25.1221,25.0395,25.3368,25.1769,25.4787,25.3841,25.6242,25.5095,25.8254,25.7109,25.9753,25.7836,26.2208,26.2943,26.2475,26.2189,26.6038,26.5401,26.5707,26.7702,26.9758,27.1014,27.0594,27.3425,27.3372,27.6425,24.4204,24.2907,24.2022,24.5832,24.5847,24.4434,24.4076,24.6658,24.7528,24.6372,24.5427,24.866,24.9784,24.7631,24.7698,25.1162,24.9772,25.284,25.0037,25.8509,25.3163,25.5988,25.3947,25.5689,25.5924,25.981,25.7776,14.2454,26.0296,26.2488,26.0865,26.6009,26.4228,26.604,26.5891,26.8926,26.9011,26.82,27.0699,27.0677,27.1976,24.3758,27.5665,27.8857,27.8939,28.2015,28.1588,28.4444,28.4564,28.721,28.6458,28.9317,28.9104,28.9847,29.2691,29.1562,29.0239,29.2682,29.0486,29.1884,28.9938,29.1368,28.8772,28.9804,28.6905,28.8457,28.7918,28.8158,28.5503,28.6836,28.5487,28.6297,28.3857,28.473,28.2378,28.3007,28.1727,28.2365,28.0437,28.0823,27.8933,27.8976,27.8306,27.7943,27.7349,27.644,27.5842,27.499,27.4459,27.3522,26.8699,27.1608,26.9827,27.1897,26.8416,27.2178,26.9572,27.2844,26.8444,27.2707,26.9422,27.2929,26.9446,27.478,27.0188,27.3165,26.9475,27.5045,26.9987,27.2864,26.9382,27.2081,27.0202,27.1961,27.0081,27.1527,27.0519,27.0954,27.0303,27.1197,27.2739,27.2595,27.307,27.3747,27.5551,27.5618,27.5767,27.7613,27.5673,27.571,27.4851,27.3609,27.4163,27.2005,27.2838,27.0936,27.1794,26.6056,27.0546,27.1186,37.169,37.822,37.1089,34.5718,27.1562,36.6345,37.5169,36.9255,34.8439,26.6635,36.6896,37.6183,36.9246,34.4441,27.0374,79.9994,85.001,79.9994,85.001,14.2618,14.2326,14.262,14.2565,14.2435,14.2423,14.2562,14.2546,14.2612,14.2406,14.2571,14.246,14.2564,0.00078125,0.000765625,1.67809,1.67259,9.85482,9.72373,9.56479,9.47075,9.52355,9.38158,9.53034,9.92859,9.73556,9.62305,9.53485,9.30052,9.34845,9.28552,536.345,536.372,792.392,790.401,799.614,814.894,824.783,793.489,792.362,801.785,817.855,824.823,23.722,791.933,801.03,817.575,825.532,23.8581,805.337,806.197,804.47,26.3658,803.897,804.245,799.048,24.5199,12.0509,8.49881,10.0178,0.0,370.26,380.602,374.064,378.745,331.946,330.127,331.723,-18459.7,77.9644,198.664,281.093,317.161,318.516,306.301,533.724,533.302,0.0,10.7106,536.3585,0.7683970541436618,0.2060646081094129,0.0091829621873682,0.0003788510064728,0.0159765235690606,1138.4403114906377,0.0535868042405079,1.3999357440358804,138.0570408160334,1.2357307885996328e-05,36.52010449978286,803.6625892424624,1390.8156615880253,0.1218253757263217,1.3917701356920662,203.1952680198194,1.6792109652330934e-05,40.08843,1392.6774187247788,0.1333867896446685,1.3918261931317828,203.67937413563115,7.793161503571405,19633.92022194145,90.10932223572196,10.918382974109123,3.409716028960363,3.7428743487759792,0.4983683287250269,0.5020985031466826,0.903682630433501,0.9195572858965092,0.8343003921241161,0.8598051000922176,0.609,12.0509,06/06/22,2022-06-06 11:40:38,14.998999999999995,14.998999999999995
1815.0,37.3775,2.0,0.501375,265.821,5.0,14.2545,14.2369,14.2515,765.975,14.2584,14.246,14.2518,771.375,20008.6,10.7129,10.712,10.659,10.6214,10.5665,10.5157,10.3386,10.6604,10.6255,10.5725,10.5167,10.3266,10.6461,10.6029,10.5573,10.4947,14.1097,10.0214,10.5964,10.6427,10.6089,10.5615,10.4956,12.9365,10.016,9.8491,8.57403,8.70598,8.95277,9.66731,10.8551,12.1764,14.1922,16.6229,19.7932,22.4521,23.2213,8.50137,8.64618,9.02468,9.6842,10.8381,12.327,14.2085,16.6191,19.8314,22.7232,22.7733,23.7116,23.3764,23.4514,23.8626,23.7529,23.586,23.6452,21.7487,21.9938,22.3191,22.4848,23.2818,21.8237,21.926,22.2876,22.531,23.4282,39.5078,39.2298,40.337,41.6504,40.0763,27.1175,38.9286,39.066,39.7878,41.0078,26.3563,24.3203,24.3858,24.5219,24.1676,24.5129,24.5953,24.619,24.3771,24.8029,24.748,24.9064,24.9185,24.8292,24.8754,25.1142,25.0252,25.3273,25.1628,25.47,25.3713,25.6116,25.4964,25.8159,25.6991,25.964,25.7672,26.2084,26.2805,26.2353,26.2056,26.5926,26.5263,26.5585,26.7572,26.964,27.0875,27.0474,27.3303,27.3275,27.631,24.4115,24.2814,24.1913,24.571,24.5737,24.4325,24.396,24.6556,24.7411,24.6283,24.5326,24.8594,24.9652,24.7529,24.7618,25.1012,24.9665,25.2694,24.9928,25.8345,25.3058,25.5832,25.3841,25.5531,25.5789,25.9626,25.7661,14.2407,26.0178,26.2309,26.0739,26.5867,26.4094,26.5912,26.5737,26.8797,26.8855,26.8061,27.055,27.0532,27.18,24.3643,27.558,27.8745,27.8835,28.1914,28.149,28.4358,28.4475,28.7108,28.6371,28.9235,28.9037,28.9781,29.2583,29.1529,29.0168,29.2586,29.0403,29.178,28.9851,29.1273,28.869,28.9683,28.6776,28.8329,28.7828,28.8019,28.5421,28.6722,28.5402,28.6171,28.3668,28.4623,28.2223,28.2863,28.1595,28.2225,28.0287,28.0674,27.8784,27.8838,27.8178,27.7816,27.7205,27.6268,27.569,27.4795,27.4314,27.3362,26.858,27.1446,26.9698,27.1721,26.83,27.2013,26.947,27.2689,26.8347,27.2538,26.9345,27.2758,26.9345,27.4599,27.0099,27.2996,26.9376,27.4869,26.9885,27.2664,26.9313,27.1872,27.0098,27.1804,26.9956,27.1364,27.0403,27.0795,27.0189,27.1011,27.2601,27.2423,27.2925,27.3585,27.5421,27.5462,27.5613,27.743,27.5517,27.5541,27.471,27.3458,27.4009,27.1854,27.2679,27.0761,27.1652,26.5879,27.0396,27.1058,37.1422,37.7579,37.0247,34.5189,27.1486,36.625,37.5075,36.91,34.8286,26.6528,36.6741,37.6001,36.9018,34.4246,27.028,79.9994,87.5005,79.9994,87.5005,14.2618,14.2324,14.2652,14.2575,14.2443,14.2434,14.2566,14.2549,14.2639,14.2443,14.2585,14.2505,14.256,-3.125e-05,-0.00025,1.67797,1.67008,9.85622,9.72529,9.5667,9.47274,9.52532,9.3837,9.53169,9.93021,9.73793,9.62478,9.53588,9.30263,9.35053,9.28776,536.407,536.428,792.317,790.262,799.385,814.619,824.469,793.969,792.202,801.591,817.706,824.652,23.7061,791.86,800.859,817.538,825.384,23.8467,805.171,806.071,804.379,26.3559,803.784,804.078,798.927,24.5095,12.0393,8.53933,10.0279,0.0,370.331,380.671,374.134,378.798,332.013,330.19,331.788,-18459.7,78.0543,198.746,281.198,317.322,318.718,306.964,533.742,533.378,0.0,10.71245,536.4175,0.7684504904760818,0.206078938378952,0.0091836007944755,0.0003788773527585,0.0159080920136399,1138.490393983818,0.0535915409857986,1.3999403749539838,138.02967575873154,1.2358629973641076e-05,36.49185953512273,803.535227957294,1390.6923612307314,0.1217536977088417,1.391781974420955,203.11988445478957,1.679035922043621e-05,40.05993000000001,1392.561723539388,0.1333151197621873,1.391837635732013,203.6061559348093,7.789813552539276,19628.24966638335,90.083297381171,10.912247752304529,3.406490535323173,3.7395675125671537,0.4979660953591073,0.5017124410246372,0.9036660871376674,0.9195343119355652,0.8342246171454022,0.8597238032294314,0.609,12.0393,06/06/22,2022-06-06 11:41:13,12.499499999999998,12.499499999999998
1816.0,37.3347,2.0,0.498609,265.831,5.0,14.2534,14.2357,14.2512,795.896,14.2571,14.2451,14.2536,798.642,20011.6,10.7058,10.7055,10.6532,10.616,10.561,10.5101,10.3324,10.6544,10.6194,10.567,10.5104,10.3213,10.6419,10.5998,10.5534,10.4909,14.11,10.0162,10.5956,10.6386,10.6053,10.5576,10.4923,12.9266,10.0101,9.84325,8.51404,8.67074,8.94107,9.69079,10.7882,12.1176,14.1905,16.6496,19.8165,22.461,23.2331,8.50971,8.64407,9.01385,9.67647,10.8509,12.3316,14.1837,16.5608,19.6566,22.6763,22.7223,23.7339,23.4005,23.4696,23.8732,23.7541,23.5894,23.6444,21.7117,21.9593,22.282,22.4463,23.2444,21.7868,21.8911,22.2492,22.4912,23.3886,39.6708,39.2349,40.4039,41.7196,40.1359,27.151,38.7907,39.0234,39.8615,41.0539,26.3304,24.3232,24.3837,24.5408,24.1838,24.5207,24.5964,24.6442,24.4009,24.8067,24.7727,24.9088,24.9235,24.8576,24.8983,25.1184,25.049,25.3271,25.1858,25.4728,25.3918,25.6145,25.519,25.8204,25.7132,25.966,25.7923,26.2132,26.2924,26.2362,26.2233,26.5945,26.5359,26.5583,26.765,26.9678,27.0918,27.0497,27.331,27.3267,27.6233,24.3979,24.2969,24.215,24.5671,24.5654,24.4533,24.4186,24.651,24.7369,24.6517,24.5521,24.8549,24.9624,24.7775,24.7801,25.1005,24.9929,25.2678,25.0166,25.8319,25.3237,25.5842,25.4057,25.551,25.5964,25.9605,25.7845,14.2417,26.0306,26.2256,26.0907,26.5818,26.4181,26.5899,26.5857,26.8783,26.8902,26.8037,27.0589,27.0504,27.1825,24.3578,27.5594,27.8672,27.8882,28.1733,28.1546,28.4194,28.4541,28.6893,28.6473,28.8984,28.9144,28.9902,29.2229,29.1589,29.0241,29.2221,29.0481,29.1542,28.9949,29.0912,28.8734,28.9525,28.687,28.8037,28.7876,28.7843,28.5466,28.6345,28.5456,28.5946,28.3718,28.4356,28.2284,28.2758,28.1643,28.2235,28.0358,28.0829,27.8862,27.9153,27.8239,27.8276,27.7258,27.6999,27.5764,27.5491,27.4356,27.3831,26.8607,27.1491,26.9741,27.1755,26.8388,27.2107,26.9554,27.2731,26.8484,27.266,26.9473,27.2828,26.948,27.4673,27.0224,27.3073,26.952,27.4991,27.0007,27.2864,26.9381,27.2221,27.022,27.2063,27.0039,27.1774,27.0518,27.1094,27.0269,27.1381,27.2664,27.2643,27.2996,27.3816,27.543,27.5629,27.5657,27.7687,27.5558,27.5911,27.4754,27.3941,27.4052,27.2331,27.2732,27.1188,27.1656,26.6049,27.0385,27.1013,37.1148,37.9117,37.2439,34.6276,27.1218,36.6251,37.519,36.9288,34.8529,26.6677,36.6769,37.6179,36.9173,34.4172,27.0503,79.9994,-5.00108,79.9994,-5.00108,14.2621,14.2331,14.2647,14.2573,14.2451,14.2436,14.2574,14.255,14.2644,14.2445,14.2581,14.2489,14.2557,-0.00134375,-0.00151563,1.67403,1.66863,9.85019,9.71947,9.56038,9.4662,9.519,9.37683,9.52526,9.92441,9.731,9.61826,9.53021,9.29654,9.34425,9.28078,536.42,536.451,792.169,790.647,799.872,815.179,825.057,793.561,792.647,802.182,818.234,825.037,23.7291,791.975,800.664,817.114,825.173,23.861,805.263,806.024,804.152,26.364,802.782,803.061,798.132,24.5692,12.0821,8.50297,10.0518,0.0,370.324,380.559,374.125,378.724,332.012,330.197,331.799,-18459.7,77.9714,198.801,281.266,317.419,318.868,307.234,533.881,533.491,0.0,10.70565,536.4355,0.7684494217570905,0.2060786517756147,0.0091835880224249,0.0003788768258366,0.0159094606349426,1138.5095013930677,0.05355568505563,1.399939017270698,138.0349233928482,1.2358946080723382e-05,36.53488342447182,803.0191065241488,1390.2603324027534,0.1219755555382451,1.3918112272436318,202.9935154230374,1.6782526208835982e-05,40.09485000000001,1392.7127017714392,0.1334017719709936,1.3918295639395477,203.6506188148452,7.782780767931743,19630.86317142396,90.09529198872804,10.9095121174082,3.4126730674430625,3.745204634935759,0.4969536999772549,0.5019923799475117,0.9043933534019928,0.9201580666175284,0.8374080546250188,0.8624553851385953,0.609,12.0821,06/06/22,2022-06-06 11:41:56,105.00108,105.00108
